dok_id,titel,datum,riksmote,talare,parti,anforande_nr,ar_replik,registrerat,anforande_url_html
HD0987,Protokoll 2025/26:87 Onsdagen den 11 mars,2026-03-11,2025/26,Lars Johnsson (M),M,205,N,2026-03-12 02:19:37,https://data.riksdagen.se/anforande/HD0987-205/html
HD0987,Protokoll 2025/26:87 Onsdagen den 11 mars,2026-03-11,2025/26,Johan Löfstrand (S),S,204,N,2026-03-12 02:19:37,https://data.riksdagen.se/anforande/HD0987-204/html
HD0987,Protokoll 2025/26:87 Onsdagen den 11 mars,2026-03-11,2025/26,Chris Dahlqvist (SD),SD,203,Y,2026-03-12 02:19:37,https://data.riksdagen.se/anforande/HD0987-203/html
HD0987,Protokoll 2025/26:87 Onsdagen den 11 mars,2026-03-11,2025/26,Stina Larsson (C),C,202,Y,2026-03-12 02:19:37,https://data.riksdagen.se/anforande/HD0987-202/html
HD0987,Protokoll 2025/26:87 Onsdagen den 11 mars,2026-03-11,2025/26,Chris Dahlqvist (SD),SD,201,Y,2026-03-12 02:19:37,https://data.riksdagen.se/anforande/HD0987-201/html
HD0987,Protokoll 2025/26:87 Onsdagen den 11 mars,2026-03-11,2025/26,Stina Larsson (C),C,200,Y,2026-03-12 02:19:37,https://data.riksdagen.se/anforande/HD0987-200/html
HD0987,Protokoll 2025/26:87 Onsdagen den 11 mars,2026-03-11,2025/26,Chris Dahlqvist (SD),SD,199,N,2026-03-12 02:19:35,https://data.riksdagen.se/anforande/HD0987-199/html
HD0987,Protokoll 2025/26:87 Onsdagen den 11 mars,2026-03-11,2025/26,Camilla Hansén (MP),MP,198,N,2026-03-12 02:19:35,https://data.riksdagen.se/anforande/HD0987-198/html
HD0987,Protokoll 2025/26:87 Onsdagen den 11 mars,2026-03-11,2025/26,Mathias Bengtsson (KD),KD,197,N,2026-03-12 02:19:35,https://data.riksdagen.se/anforande/HD0987-197/html
HD0987,Protokoll 2025/26:87 Onsdagen den 11 mars,2026-03-11,2025/26,Anna Lasses (C),C,196,N,2026-03-12 02:19:35,https://data.riksdagen.se/anforande/HD0987-196/html
HD0987,Protokoll 2025/26:87 Onsdagen den 11 mars,2026-03-11,2025/26,Johanna Rantsi (M),M,195,N,2026-03-12 02:19:35,https://data.riksdagen.se/anforande/HD0987-195/html
HD0987,Protokoll 2025/26:87 Onsdagen den 11 mars,2026-03-11,2025/26,Isabell Mixter (V),V,194,N,2026-03-12 02:19:35,https://data.riksdagen.se/anforande/HD0987-194/html
HD0987,Protokoll 2025/26:87 Onsdagen den 11 mars,2026-03-11,2025/26,Anders Alftberg (SD),SD,193,N,2026-03-12 02:19:35,https://data.riksdagen.se/anforande/HD0987-193/html
HD0987,Protokoll 2025/26:87 Onsdagen den 11 mars,2026-03-11,2025/26,Rose-Marie Carlsson (S),S,192,Y,2026-03-12 02:19:35,https://data.riksdagen.se/anforande/HD0987-192/html
HD0987,Protokoll 2025/26:87 Onsdagen den 11 mars,2026-03-11,2025/26,Joar Forssell (L),L,191,Y,2026-03-12 02:19:35,https://data.riksdagen.se/anforande/HD0987-191/html
HD0987,Protokoll 2025/26:87 Onsdagen den 11 mars,2026-03-11,2025/26,Rose-Marie Carlsson (S),S,190,Y,2026-03-12 02:19:35,https://data.riksdagen.se/anforande/HD0987-190/html
HD0987,Protokoll 2025/26:87 Onsdagen den 11 mars,2026-03-11,2025/26,Joar Forssell (L),L,189,Y,2026-03-12 02:19:35,https://data.riksdagen.se/anforande/HD0987-189/html
HD0987,Protokoll 2025/26:87 Onsdagen den 11 mars,2026-03-11,2025/26,Rose-Marie Carlsson (S),S,188,Y,2026-03-12 02:19:35,https://data.riksdagen.se/anforande/HD0987-188/html
HD0987,Protokoll 2025/26:87 Onsdagen den 11 mars,2026-03-11,2025/26,Anders Alftberg (SD),SD,187,Y,2026-03-12 02:19:35,https://data.riksdagen.se/anforande/HD0987-187/html
HD0987,Protokoll 2025/26:87 Onsdagen den 11 mars,2026-03-11,2025/26,Rose-Marie Carlsson (S),S,186,Y,2026-03-12 02:19:34,https://data.riksdagen.se/anforande/HD0987-186/html
HD0987,Protokoll 2025/26:87 Onsdagen den 11 mars,2026-03-11,2025/26,Anders Alftberg (SD),SD,185,Y,2026-03-12 02:19:34,https://data.riksdagen.se/anforande/HD0987-185/html
HD0987,Protokoll 2025/26:87 Onsdagen den 11 mars,2026-03-11,2025/26,Rose-Marie Carlsson (S),S,184,N,2026-03-12 02:19:34,https://data.riksdagen.se/anforande/HD0987-184/html
HD0987,Protokoll 2025/26:87 Onsdagen den 11 mars,2026-03-11,2025/26,Joar Forssell (L),L,183,Y,2026-03-12 02:19:34,https://data.riksdagen.se/anforande/HD0987-183/html
HD0987,Protokoll 2025/26:87 Onsdagen den 11 mars,2026-03-11,2025/26,Anna Lasses (C),C,182,Y,2026-03-12 02:19:34,https://data.riksdagen.se/anforande/HD0987-182/html
HD0987,Protokoll 2025/26:87 Onsdagen den 11 mars,2026-03-11,2025/26,Joar Forssell (L),L,181,Y,2026-03-12 02:19:34,https://data.riksdagen.se/anforande/HD0987-181/html
HD0987,Protokoll 2025/26:87 Onsdagen den 11 mars,2026-03-11,2025/26,Anna Lasses (C),C,180,Y,2026-03-12 02:19:34,https://data.riksdagen.se/anforande/HD0987-180/html
HD0987,Protokoll 2025/26:87 Onsdagen den 11 mars,2026-03-11,2025/26,Joar Forssell (L),L,179,Y,2026-03-12 02:19:34,https://data.riksdagen.se/anforande/HD0987-179/html
HD0987,Protokoll 2025/26:87 Onsdagen den 11 mars,2026-03-11,2025/26,Isabell Mixter (V),V,178,Y,2026-03-12 02:19:34,https://data.riksdagen.se/anforande/HD0987-178/html
HD0987,Protokoll 2025/26:87 Onsdagen den 11 mars,2026-03-11,2025/26,Joar Forssell (L),L,177,Y,2026-03-12 02:19:34,https://data.riksdagen.se/anforande/HD0987-177/html
HD0987,Protokoll 2025/26:87 Onsdagen den 11 mars,2026-03-11,2025/26,Isabell Mixter (V),V,176,Y,2026-03-12 02:19:34,https://data.riksdagen.se/anforande/HD0987-176/html
HD0987,Protokoll 2025/26:87 Onsdagen den 11 mars,2026-03-11,2025/26,Joar Forssell (L),L,175,N,2026-03-12 02:19:33,https://data.riksdagen.se/anforande/HD0987-175/html
HD0987,Protokoll 2025/26:87 Onsdagen den 11 mars,2026-03-11,2025/26,Amanda Palmstierna (MP),MP,174,Y,2026-03-12 02:19:35,https://data.riksdagen.se/anforande/HD0987-174/html
HD0987,Protokoll 2025/26:87 Onsdagen den 11 mars,2026-03-11,2025/26,Rashid Farivar (SD),SD,173,Y,2026-03-12 02:19:35,https://data.riksdagen.se/anforande/HD0987-173/html
HD0987,Protokoll 2025/26:87 Onsdagen den 11 mars,2026-03-11,2025/26,Amanda Palmstierna (MP),MP,172,Y,2026-03-12 02:19:35,https://data.riksdagen.se/anforande/HD0987-172/html
HD0987,Protokoll 2025/26:87 Onsdagen den 11 mars,2026-03-11,2025/26,Rashid Farivar (SD),SD,171,Y,2026-03-12 02:19:35,https://data.riksdagen.se/anforande/HD0987-171/html
HD0987,Protokoll 2025/26:87 Onsdagen den 11 mars,2026-03-11,2025/26,Amanda Palmstierna (MP),MP,170,N,2026-03-12 02:19:34,https://data.riksdagen.se/anforande/HD0987-170/html
HD0987,Protokoll 2025/26:87 Onsdagen den 11 mars,2026-03-11,2025/26,Alireza Akhondi (C),C,169,Y,2026-03-12 02:19:34,https://data.riksdagen.se/anforande/HD0987-169/html
HD0987,Protokoll 2025/26:87 Onsdagen den 11 mars,2026-03-11,2025/26,Ludvig Ceimertz (M),M,168,Y,2026-03-12 02:19:34,https://data.riksdagen.se/anforande/HD0987-168/html
HD0987,Protokoll 2025/26:87 Onsdagen den 11 mars,2026-03-11,2025/26,Alireza Akhondi (C),C,167,Y,2026-03-12 02:19:34,https://data.riksdagen.se/anforande/HD0987-167/html
HD0987,Protokoll 2025/26:87 Onsdagen den 11 mars,2026-03-11,2025/26,Ludvig Ceimertz (M),M,166,Y,2026-03-12 02:19:34,https://data.riksdagen.se/anforande/HD0987-166/html
HD0987,Protokoll 2025/26:87 Onsdagen den 11 mars,2026-03-11,2025/26,Alireza Akhondi (C),C,165,Y,2026-03-12 02:19:34,https://data.riksdagen.se/anforande/HD0987-165/html
HD0987,Protokoll 2025/26:87 Onsdagen den 11 mars,2026-03-11,2025/26,Rashid Farivar (SD),SD,164,Y,2026-03-12 02:19:34,https://data.riksdagen.se/anforande/HD0987-164/html
HD0987,Protokoll 2025/26:87 Onsdagen den 11 mars,2026-03-11,2025/26,Alireza Akhondi (C),C,163,Y,2026-03-12 02:19:34,https://data.riksdagen.se/anforande/HD0987-163/html
HD0987,Protokoll 2025/26:87 Onsdagen den 11 mars,2026-03-11,2025/26,Rashid Farivar (SD),SD,162,Y,2026-03-12 02:19:34,https://data.riksdagen.se/anforande/HD0987-162/html
HD0987,Protokoll 2025/26:87 Onsdagen den 11 mars,2026-03-11,2025/26,Alireza Akhondi (C),C,161,N,2026-03-12 02:19:34,https://data.riksdagen.se/anforande/HD0987-161/html
HD0987,Protokoll 2025/26:87 Onsdagen den 11 mars,2026-03-11,2025/26,Larry Söder (KD),KD,160,N,2026-03-12 02:19:34,https://data.riksdagen.se/anforande/HD0987-160/html
HD0987,Protokoll 2025/26:87 Onsdagen den 11 mars,2026-03-11,2025/26,Ilona Szatmári Waldau (V),V,159,N,2026-03-12 02:19:34,https://data.riksdagen.se/anforande/HD0987-159/html
HD0987,Protokoll 2025/26:87 Onsdagen den 11 mars,2026-03-11,2025/26,Ludvig Ceimertz (M),M,158,N,2026-03-12 02:19:34,https://data.riksdagen.se/anforande/HD0987-158/html
HD0987,Protokoll 2025/26:87 Onsdagen den 11 mars,2026-03-11,2025/26,Markus Kallifatides (S),S,157,Y,2026-03-12 02:19:34,https://data.riksdagen.se/anforande/HD0987-157/html
HD0987,Protokoll 2025/26:87 Onsdagen den 11 mars,2026-03-11,2025/26,Alireza Akhondi (C),C,156,Y,2026-03-12 02:19:34,https://data.riksdagen.se/anforande/HD0987-156/html
HD0987,Protokoll 2025/26:87 Onsdagen den 11 mars,2026-03-11,2025/26,Markus Kallifatides (S),S,155,Y,2026-03-12 02:19:34,https://data.riksdagen.se/anforande/HD0987-155/html
HD0987,Protokoll 2025/26:87 Onsdagen den 11 mars,2026-03-11,2025/26,Alireza Akhondi (C),C,154,Y,2026-03-12 02:19:34,https://data.riksdagen.se/anforande/HD0987-154/html
HD0987,Protokoll 2025/26:87 Onsdagen den 11 mars,2026-03-11,2025/26,Markus Kallifatides (S),S,153,N,2026-03-12 02:19:34,https://data.riksdagen.se/anforande/HD0987-153/html
HD0987,Protokoll 2025/26:87 Onsdagen den 11 mars,2026-03-11,2025/26,Rashid Farivar (SD),SD,152,Y,2026-03-12 02:19:34,https://data.riksdagen.se/anforande/HD0987-152/html
HD0987,Protokoll 2025/26:87 Onsdagen den 11 mars,2026-03-11,2025/26,Amanda Palmstierna (MP),MP,151,Y,2026-03-12 02:19:34,https://data.riksdagen.se/anforande/HD0987-151/html
HD0987,Protokoll 2025/26:87 Onsdagen den 11 mars,2026-03-11,2025/26,TREDJE VICE TALMANNEN,TREDJE VICE TALMANNEN,150,N,2026-03-12 02:19:34,https://data.riksdagen.se/anforande/HD0987-150/html
HD0987,Protokoll 2025/26:87 Onsdagen den 11 mars,2026-03-11,2025/26,Rashid Farivar (SD),SD,149,Y,2026-03-12 02:19:34,https://data.riksdagen.se/anforande/HD0987-149/html
HD0987,Protokoll 2025/26:87 Onsdagen den 11 mars,2026-03-11,2025/26,Amanda Palmstierna (MP),MP,148,Y,2026-03-12 02:19:34,https://data.riksdagen.se/anforande/HD0987-148/html
HD0987,Protokoll 2025/26:87 Onsdagen den 11 mars,2026-03-11,2025/26,Rashid Farivar (SD),SD,147,Y,2026-03-12 02:19:34,https://data.riksdagen.se/anforande/HD0987-147/html
HD0987,Protokoll 2025/26:87 Onsdagen den 11 mars,2026-03-11,2025/26,Markus Kallifatides (S),S,146,Y,2026-03-12 02:19:34,https://data.riksdagen.se/anforande/HD0987-146/html
HD0987,Protokoll 2025/26:87 Onsdagen den 11 mars,2026-03-11,2025/26,Rashid Farivar (SD),SD,145,Y,2026-03-12 02:19:34,https://data.riksdagen.se/anforande/HD0987-145/html
HD0987,Protokoll 2025/26:87 Onsdagen den 11 mars,2026-03-11,2025/26,Markus Kallifatides (S),S,144,Y,2026-03-12 02:19:34,https://data.riksdagen.se/anforande/HD0987-144/html
HD0987,Protokoll 2025/26:87 Onsdagen den 11 mars,2026-03-11,2025/26,Rashid Farivar (SD),SD,143,N,2026-03-12 02:19:32,https://data.riksdagen.se/anforande/HD0987-143/html
HD0987,Protokoll 2025/26:87 Onsdagen den 11 mars,2026-03-11,2025/26,Amanda Palmstierna (MP),MP,142,Y,2026-03-12 02:19:35,https://data.riksdagen.se/anforande/HD0987-142/html
HD0987,Protokoll 2025/26:87 Onsdagen den 11 mars,2026-03-11,2025/26,Alireza Akhondi (C),C,141,Y,2026-03-12 02:19:35,https://data.riksdagen.se/anforande/HD0987-141/html
HD0987,Protokoll 2025/26:87 Onsdagen den 11 mars,2026-03-11,2025/26,Amanda Palmstierna (MP),MP,140,Y,2026-03-12 02:19:35,https://data.riksdagen.se/anforande/HD0987-140/html
HD0987,Protokoll 2025/26:87 Onsdagen den 11 mars,2026-03-11,2025/26,Alireza Akhondi (C),C,139,Y,2026-03-12 02:19:35,https://data.riksdagen.se/anforande/HD0987-139/html
HD0987,Protokoll 2025/26:87 Onsdagen den 11 mars,2026-03-11,2025/26,Amanda Palmstierna (MP),MP,138,N,2026-03-12 02:19:34,https://data.riksdagen.se/anforande/HD0987-138/html
HD0987,Protokoll 2025/26:87 Onsdagen den 11 mars,2026-03-11,2025/26,Patrik Karlson (L),L,137,Y,2026-03-12 02:19:34,https://data.riksdagen.se/anforande/HD0987-137/html
HD0987,Protokoll 2025/26:87 Onsdagen den 11 mars,2026-03-11,2025/26,TREDJE VICE TALMANNEN,TREDJE VICE TALMANNEN,136,N,2026-03-12 02:19:34,https://data.riksdagen.se/anforande/HD0987-136/html
HD0987,Protokoll 2025/26:87 Onsdagen den 11 mars,2026-03-11,2025/26,Markus Kallifatides (S),S,135,Y,2026-03-12 02:19:34,https://data.riksdagen.se/anforande/HD0987-135/html
HD0987,Protokoll 2025/26:87 Onsdagen den 11 mars,2026-03-11,2025/26,Patrik Karlson (L),L,134,Y,2026-03-12 02:19:34,https://data.riksdagen.se/anforande/HD0987-134/html
HD0987,Protokoll 2025/26:87 Onsdagen den 11 mars,2026-03-11,2025/26,Markus Kallifatides (S),S,133,Y,2026-03-12 02:19:34,https://data.riksdagen.se/anforande/HD0987-133/html
HD0987,Protokoll 2025/26:87 Onsdagen den 11 mars,2026-03-11,2025/26,Patrik Karlson (L),L,132,N,2026-03-12 02:19:34,https://data.riksdagen.se/anforande/HD0987-132/html
HD0987,Protokoll 2025/26:87 Onsdagen den 11 mars,2026-03-11,2025/26,Alireza Akhondi (C),C,131,Y,2026-03-12 02:19:34,https://data.riksdagen.se/anforande/HD0987-131/html
HD0987,Protokoll 2025/26:87 Onsdagen den 11 mars,2026-03-11,2025/26,Larry Söder (KD),KD,130,Y,2026-03-12 02:19:34,https://data.riksdagen.se/anforande/HD0987-130/html
HD0987,Protokoll 2025/26:87 Onsdagen den 11 mars,2026-03-11,2025/26,Alireza Akhondi (C),C,129,Y,2026-03-12 02:19:34,https://data.riksdagen.se/anforande/HD0987-129/html
HD0987,Protokoll 2025/26:87 Onsdagen den 11 mars,2026-03-11,2025/26,Larry Söder (KD),KD,128,Y,2026-03-12 02:19:34,https://data.riksdagen.se/anforande/HD0987-128/html
HD0987,Protokoll 2025/26:87 Onsdagen den 11 mars,2026-03-11,2025/26,Alireza Akhondi (C),C,127,N,2026-03-12 02:19:34,https://data.riksdagen.se/anforande/HD0987-127/html
HD0987,Protokoll 2025/26:87 Onsdagen den 11 mars,2026-03-11,2025/26,Larry Söder (KD),KD,126,Y,2026-03-12 02:19:34,https://data.riksdagen.se/anforande/HD0987-126/html
HD0987,Protokoll 2025/26:87 Onsdagen den 11 mars,2026-03-11,2025/26,Malcolm Momodou Jallow (V),V,125,Y,2026-03-12 02:19:34,https://data.riksdagen.se/anforande/HD0987-125/html
HD0987,Protokoll 2025/26:87 Onsdagen den 11 mars,2026-03-11,2025/26,Larry Söder (KD),KD,124,Y,2026-03-12 02:19:34,https://data.riksdagen.se/anforande/HD0987-124/html
HD0987,Protokoll 2025/26:87 Onsdagen den 11 mars,2026-03-11,2025/26,Malcolm Momodou Jallow (V),V,123,Y,2026-03-12 02:19:34,https://data.riksdagen.se/anforande/HD0987-123/html
HD0987,Protokoll 2025/26:87 Onsdagen den 11 mars,2026-03-11,2025/26,Larry Söder (KD),KD,122,N,2026-03-12 02:19:34,https://data.riksdagen.se/anforande/HD0987-122/html
HD0987,Protokoll 2025/26:87 Onsdagen den 11 mars,2026-03-11,2025/26,Markus Kallifatides (S),S,121,N,2026-03-12 02:19:34,https://data.riksdagen.se/anforande/HD0987-121/html
HD0987,Protokoll 2025/26:87 Onsdagen den 11 mars,2026-03-11,2025/26,David Josefsson (M),M,120,Y,2026-03-12 02:19:34,https://data.riksdagen.se/anforande/HD0987-120/html
HD0987,Protokoll 2025/26:87 Onsdagen den 11 mars,2026-03-11,2025/26,Amanda Palmstierna (MP),MP,119,Y,2026-03-12 02:19:34,https://data.riksdagen.se/anforande/HD0987-119/html
HD0987,Protokoll 2025/26:87 Onsdagen den 11 mars,2026-03-11,2025/26,David Josefsson (M),M,118,Y,2026-03-12 02:19:34,https://data.riksdagen.se/anforande/HD0987-118/html
HD0987,Protokoll 2025/26:87 Onsdagen den 11 mars,2026-03-11,2025/26,Amanda Palmstierna (MP),MP,117,Y,2026-03-12 02:19:34,https://data.riksdagen.se/anforande/HD0987-117/html
HD0987,Protokoll 2025/26:87 Onsdagen den 11 mars,2026-03-11,2025/26,David Josefsson (M),M,116,Y,2026-03-12 02:19:34,https://data.riksdagen.se/anforande/HD0987-116/html
HD0987,Protokoll 2025/26:87 Onsdagen den 11 mars,2026-03-11,2025/26,Malcolm Momodou Jallow (V),V,115,Y,2026-03-12 02:19:34,https://data.riksdagen.se/anforande/HD0987-115/html
HD0987,Protokoll 2025/26:87 Onsdagen den 11 mars,2026-03-11,2025/26,David Josefsson (M),M,114,Y,2026-03-12 02:19:34,https://data.riksdagen.se/anforande/HD0987-114/html
HD0987,Protokoll 2025/26:87 Onsdagen den 11 mars,2026-03-11,2025/26,Malcolm Momodou Jallow (V),V,113,Y,2026-03-12 02:19:34,https://data.riksdagen.se/anforande/HD0987-113/html
HD0987,Protokoll 2025/26:87 Onsdagen den 11 mars,2026-03-11,2025/26,David Josefsson (M),M,112,Y,2026-03-12 02:19:34,https://data.riksdagen.se/anforande/HD0987-112/html
HD0987,Protokoll 2025/26:87 Onsdagen den 11 mars,2026-03-11,2025/26,Markus Kallifatides (S),S,111,Y,2026-03-12 02:19:34,https://data.riksdagen.se/anforande/HD0987-111/html
HD0987,Protokoll 2025/26:87 Onsdagen den 11 mars,2026-03-11,2025/26,David Josefsson (M),M,110,Y,2026-03-12 02:19:34,https://data.riksdagen.se/anforande/HD0987-110/html
HD0987,Protokoll 2025/26:87 Onsdagen den 11 mars,2026-03-11,2025/26,Markus Kallifatides (S),S,109,Y,2026-03-12 02:19:34,https://data.riksdagen.se/anforande/HD0987-109/html
HD0987,Protokoll 2025/26:87 Onsdagen den 11 mars,2026-03-11,2025/26,David Josefsson (M),M,108,N,2026-03-12 02:19:34,https://data.riksdagen.se/anforande/HD0987-108/html
HD0987,Protokoll 2025/26:87 Onsdagen den 11 mars,2026-03-11,2025/26,Malcolm Momodou Jallow (V),V,107,Y,2026-03-12 02:19:34,https://data.riksdagen.se/anforande/HD0987-107/html
HD0987,Protokoll 2025/26:87 Onsdagen den 11 mars,2026-03-11,2025/26,Alireza Akhondi (C),C,106,Y,2026-03-12 02:19:34,https://data.riksdagen.se/anforande/HD0987-106/html
HD0987,Protokoll 2025/26:87 Onsdagen den 11 mars,2026-03-11,2025/26,Malcolm Momodou Jallow (V),V,105,Y,2026-03-12 02:19:34,https://data.riksdagen.se/anforande/HD0987-105/html
HD0987,Protokoll 2025/26:87 Onsdagen den 11 mars,2026-03-11,2025/26,Alireza Akhondi (C),C,104,Y,2026-03-12 02:19:34,https://data.riksdagen.se/anforande/HD0987-104/html
HD0987,Protokoll 2025/26:87 Onsdagen den 11 mars,2026-03-11,2025/26,Malcolm Momodou Jallow (V),V,103,N,2026-03-12 02:19:33,https://data.riksdagen.se/anforande/HD0987-103/html
HD0987,Protokoll 2025/26:87 Onsdagen den 11 mars,2026-03-11,2025/26,Tony Haddou (V),V,102,N,2026-03-12 02:19:28,https://data.riksdagen.se/anforande/HD0987-102/html
HD0987,Protokoll 2025/26:87 Onsdagen den 11 mars,2026-03-11,2025/26,Niels Paarup-Petersen (C),C,101,N,2026-03-12 02:19:28,https://data.riksdagen.se/anforande/HD0987-101/html
HD0987,Protokoll 2025/26:87 Onsdagen den 11 mars,2026-03-11,2025/26,Annika Hirvonen (MP),MP,100,N,2026-03-12 02:19:26,https://data.riksdagen.se/anforande/HD0987-100/html
HD0987,Protokoll 2025/26:87 Onsdagen den 11 mars,2026-03-11,2025/26,Roger Hedlund (SD),SD,99,Y,2026-03-12 02:19:25,https://data.riksdagen.se/anforande/HD0987-99/html
HD0987,Protokoll 2025/26:87 Onsdagen den 11 mars,2026-03-11,2025/26,Markus Kallifatides (S),S,98,Y,2026-03-12 02:19:25,https://data.riksdagen.se/anforande/HD0987-98/html
HD0987,Protokoll 2025/26:87 Onsdagen den 11 mars,2026-03-11,2025/26,Roger Hedlund (SD),SD,97,Y,2026-03-12 02:19:25,https://data.riksdagen.se/anforande/HD0987-97/html
HD0987,Protokoll 2025/26:87 Onsdagen den 11 mars,2026-03-11,2025/26,Markus Kallifatides (S),S,96,Y,2026-03-12 02:19:25,https://data.riksdagen.se/anforande/HD0987-96/html
HD0987,Protokoll 2025/26:87 Onsdagen den 11 mars,2026-03-11,2025/26,Roger Hedlund (SD),SD,95,Y,2026-03-12 02:19:25,https://data.riksdagen.se/anforande/HD0987-95/html
HD0987,Protokoll 2025/26:87 Onsdagen den 11 mars,2026-03-11,2025/26,Malcolm Momodou Jallow (V),V,94,Y,2026-03-12 02:19:25,https://data.riksdagen.se/anforande/HD0987-94/html
HD0987,Protokoll 2025/26:87 Onsdagen den 11 mars,2026-03-11,2025/26,Roger Hedlund (SD),SD,93,Y,2026-03-12 02:19:25,https://data.riksdagen.se/anforande/HD0987-93/html
HD0987,Protokoll 2025/26:87 Onsdagen den 11 mars,2026-03-11,2025/26,Malcolm Momodou Jallow (V),V,92,Y,2026-03-12 02:19:25,https://data.riksdagen.se/anforande/HD0987-92/html
HD0987,Protokoll 2025/26:87 Onsdagen den 11 mars,2026-03-11,2025/26,Roger Hedlund (SD),SD,91,Y,2026-03-12 02:19:25,https://data.riksdagen.se/anforande/HD0987-91/html
HD0987,Protokoll 2025/26:87 Onsdagen den 11 mars,2026-03-11,2025/26,Alireza Akhondi (C),C,90,Y,2026-03-12 02:19:25,https://data.riksdagen.se/anforande/HD0987-90/html
HD0987,Protokoll 2025/26:87 Onsdagen den 11 mars,2026-03-11,2025/26,Roger Hedlund (SD),SD,89,Y,2026-03-12 02:19:25,https://data.riksdagen.se/anforande/HD0987-89/html
HD0987,Protokoll 2025/26:87 Onsdagen den 11 mars,2026-03-11,2025/26,Alireza Akhondi (C),C,88,Y,2026-03-12 02:19:25,https://data.riksdagen.se/anforande/HD0987-88/html
HD0987,Protokoll 2025/26:87 Onsdagen den 11 mars,2026-03-11,2025/26,Roger Hedlund (SD),SD,87,N,2026-03-12 02:19:23,https://data.riksdagen.se/anforande/HD0987-87/html
HD0987,Protokoll 2025/26:87 Onsdagen den 11 mars,2026-03-11,2025/26,Larry Söder (KD),KD,86,N,2026-03-12 02:19:24,https://data.riksdagen.se/anforande/HD0987-86/html
HD0987,Protokoll 2025/26:87 Onsdagen den 11 mars,2026-03-11,2025/26,Lars Beckman (M),M,85,N,2026-03-12 02:19:24,https://data.riksdagen.se/anforande/HD0987-85/html
HD0987,Protokoll 2025/26:87 Onsdagen den 11 mars,2026-03-11,2025/26,Björn Tidland (SD),SD,84,N,2026-03-12 02:19:24,https://data.riksdagen.se/anforande/HD0987-84/html
HD0987,Protokoll 2025/26:87 Onsdagen den 11 mars,2026-03-11,2025/26,Anna-Belle Strömberg (S),S,83,N,2026-03-12 02:19:23,https://data.riksdagen.se/anforande/HD0987-83/html
HD0987,Protokoll 2025/26:87 Onsdagen den 11 mars,2026-03-11,2025/26,Jan Riise (MP),MP,82,N,2026-03-12 02:19:22,https://data.riksdagen.se/anforande/HD0987-82/html
HD0987,Protokoll 2025/26:87 Onsdagen den 11 mars,2026-03-11,2025/26,Mauricio Rojas (L),L,81,N,2026-03-12 02:19:22,https://data.riksdagen.se/anforande/HD0987-81/html
HD0987,Protokoll 2025/26:87 Onsdagen den 11 mars,2026-03-11,2025/26,Muharrem Demirok (C),C,80,N,2026-03-12 02:19:22,https://data.riksdagen.se/anforande/HD0987-80/html
HD0987,Protokoll 2025/26:87 Onsdagen den 11 mars,2026-03-11,2025/26,Gudrun Brunegård (KD),KD,79,N,2026-03-12 02:19:22,https://data.riksdagen.se/anforande/HD0987-79/html
HD0987,Protokoll 2025/26:87 Onsdagen den 11 mars,2026-03-11,2025/26,Vasiliki Tsouplaki (V),V,78,N,2026-03-12 02:19:22,https://data.riksdagen.se/anforande/HD0987-78/html
HD0987,Protokoll 2025/26:87 Onsdagen den 11 mars,2026-03-11,2025/26,Oskar Svärd (M),M,77,N,2026-03-12 02:19:22,https://data.riksdagen.se/anforande/HD0987-77/html
HD0987,Protokoll 2025/26:87 Onsdagen den 11 mars,2026-03-11,2025/26,Lena Malm (S),S,76,N,2026-03-12 02:19:22,https://data.riksdagen.se/anforande/HD0987-76/html
HD0987,Protokoll 2025/26:87 Onsdagen den 11 mars,2026-03-11,2025/26,Martin Westmont (SD),SD,75,N,2026-03-12 02:19:20,https://data.riksdagen.se/anforande/HD0987-75/html
HD0987,Protokoll 2025/26:87 Onsdagen den 11 mars,2026-03-11,2025/26,Jan Riise (MP),MP,74,N,2026-03-12 02:19:22,https://data.riksdagen.se/anforande/HD0987-74/html
HD0987,Protokoll 2025/26:87 Onsdagen den 11 mars,2026-03-11,2025/26,Muharrem Demirok (C),C,73,N,2026-03-12 02:19:22,https://data.riksdagen.se/anforande/HD0987-73/html
HD0987,Protokoll 2025/26:87 Onsdagen den 11 mars,2026-03-11,2025/26,Vasiliki Tsouplaki (V),V,72,N,2026-03-12 02:19:22,https://data.riksdagen.se/anforande/HD0987-72/html
HD0987,Protokoll 2025/26:87 Onsdagen den 11 mars,2026-03-11,2025/26,Peter Hedberg (S),S,71,N,2026-03-12 02:19:22,https://data.riksdagen.se/anforande/HD0987-71/html
HD0987,Protokoll 2025/26:87 Onsdagen den 11 mars,2026-03-11,2025/26,Ulrik Nilsson (M),M,70,N,2026-03-12 02:19:20,https://data.riksdagen.se/anforande/HD0987-70/html
HD0987,Protokoll 2025/26:87 Onsdagen den 11 mars,2026-03-11,2025/26,Muharrem Demirok (C),C,69,N,2026-03-12 02:19:20,https://data.riksdagen.se/anforande/HD0987-69/html
HD0987,Protokoll 2025/26:87 Onsdagen den 11 mars,2026-03-11,2025/26,Vasiliki Tsouplaki (V),V,68,N,2026-03-12 02:19:20,https://data.riksdagen.se/anforande/HD0987-68/html
HD0987,Protokoll 2025/26:87 Onsdagen den 11 mars,2026-03-11,2025/26,Jan Riise (MP),MP,67,N,2026-03-12 02:19:20,https://data.riksdagen.se/anforande/HD0987-67/html
HD0987,Protokoll 2025/26:87 Onsdagen den 11 mars,2026-03-11,2025/26,Peter Hedberg (S),S,66,N,2026-03-12 02:19:20,https://data.riksdagen.se/anforande/HD0987-66/html
HD0987,Protokoll 2025/26:87 Onsdagen den 11 mars,2026-03-11,2025/26,Ulrik Nilsson (M),M,65,N,2026-03-12 02:19:19,https://data.riksdagen.se/anforande/HD0987-65/html
HD0987,Protokoll 2025/26:87 Onsdagen den 11 mars,2026-03-11,2025/26,Janine Alm Ericson (MP),MP,64,N,2026-03-12 02:19:20,https://data.riksdagen.se/anforande/HD0987-64/html
HD0987,Protokoll 2025/26:87 Onsdagen den 11 mars,2026-03-11,2025/26,Martin Ådahl (C),C,63,N,2026-03-12 02:19:20,https://data.riksdagen.se/anforande/HD0987-63/html
HD0987,Protokoll 2025/26:87 Onsdagen den 11 mars,2026-03-11,2025/26,Peder Björk (S),S,62,Y,2026-03-12 02:19:19,https://data.riksdagen.se/anforande/HD0987-62/html
HD0987,Protokoll 2025/26:87 Onsdagen den 11 mars,2026-03-11,2025/26,Jan Ericson (M),M,61,Y,2026-03-12 02:19:19,https://data.riksdagen.se/anforande/HD0987-61/html
HD0987,Protokoll 2025/26:87 Onsdagen den 11 mars,2026-03-11,2025/26,Peder Björk (S),S,60,Y,2026-03-12 02:19:19,https://data.riksdagen.se/anforande/HD0987-60/html
HD0987,Protokoll 2025/26:87 Onsdagen den 11 mars,2026-03-11,2025/26,Jan Ericson (M),M,59,Y,2026-03-12 02:19:19,https://data.riksdagen.se/anforande/HD0987-59/html
HD0987,Protokoll 2025/26:87 Onsdagen den 11 mars,2026-03-11,2025/26,Peder Björk (S),S,58,N,2026-03-12 02:19:19,https://data.riksdagen.se/anforande/HD0987-58/html
HD0987,Protokoll 2025/26:87 Onsdagen den 11 mars,2026-03-11,2025/26,Jan Ericson (M),M,57,Y,2026-03-12 02:19:19,https://data.riksdagen.se/anforande/HD0987-57/html
HD0987,Protokoll 2025/26:87 Onsdagen den 11 mars,2026-03-11,2025/26,Janine Alm Ericson (MP),MP,56,Y,2026-03-12 02:19:19,https://data.riksdagen.se/anforande/HD0987-56/html
HD0987,Protokoll 2025/26:87 Onsdagen den 11 mars,2026-03-11,2025/26,Jan Ericson (M),M,55,Y,2026-03-12 02:19:19,https://data.riksdagen.se/anforande/HD0987-55/html
HD0987,Protokoll 2025/26:87 Onsdagen den 11 mars,2026-03-11,2025/26,Janine Alm Ericson (MP),MP,54,Y,2026-03-12 02:19:19,https://data.riksdagen.se/anforande/HD0987-54/html
HD0987,Protokoll 2025/26:87 Onsdagen den 11 mars,2026-03-11,2025/26,Jan Ericson (M),M,53,Y,2026-03-12 02:19:19,https://data.riksdagen.se/anforande/HD0987-53/html
HD0987,Protokoll 2025/26:87 Onsdagen den 11 mars,2026-03-11,2025/26,Martin Ådahl (C),C,52,Y,2026-03-12 02:19:19,https://data.riksdagen.se/anforande/HD0987-52/html
HD0987,Protokoll 2025/26:87 Onsdagen den 11 mars,2026-03-11,2025/26,Jan Ericson (M),M,51,Y,2026-03-12 02:19:19,https://data.riksdagen.se/anforande/HD0987-51/html
HD0987,Protokoll 2025/26:87 Onsdagen den 11 mars,2026-03-11,2025/26,Martin Ådahl (C),C,50,Y,2026-03-12 02:19:19,https://data.riksdagen.se/anforande/HD0987-50/html
HD0987,Protokoll 2025/26:87 Onsdagen den 11 mars,2026-03-11,2025/26,Jan Ericson (M),M,49,N,2026-03-12 02:19:18,https://data.riksdagen.se/anforande/HD0987-49/html
HD0987,Protokoll 2025/26:87 Onsdagen den 11 mars,2026-03-11,2025/26,Cecilia Rönn (L),L,48,N,2026-03-12 02:19:17,https://data.riksdagen.se/anforande/HD0987-48/html
HD0987,Protokoll 2025/26:87 Onsdagen den 11 mars,2026-03-11,2025/26,Janine Alm Ericson (MP),MP,47,N,2026-03-12 02:19:17,https://data.riksdagen.se/anforande/HD0987-47/html
HD0987,Protokoll 2025/26:87 Onsdagen den 11 mars,2026-03-11,2025/26,Hans Eklind (KD),KD,46,N,2026-03-12 02:19:17,https://data.riksdagen.se/anforande/HD0987-46/html
HD0987,Protokoll 2025/26:87 Onsdagen den 11 mars,2026-03-11,2025/26,Martin Ådahl (C),C,45,N,2026-03-12 02:19:17,https://data.riksdagen.se/anforande/HD0987-45/html
HD0987,Protokoll 2025/26:87 Onsdagen den 11 mars,2026-03-11,2025/26,Lotta Johnsson Fornarve (V),V,44,N,2026-03-12 02:19:17,https://data.riksdagen.se/anforande/HD0987-44/html
HD0987,Protokoll 2025/26:87 Onsdagen den 11 mars,2026-03-11,2025/26,David Perez (SD),SD,43,Y,2026-03-12 02:19:17,https://data.riksdagen.se/anforande/HD0987-43/html
HD0987,Protokoll 2025/26:87 Onsdagen den 11 mars,2026-03-11,2025/26,Martin Ådahl (C),C,42,Y,2026-03-12 02:19:17,https://data.riksdagen.se/anforande/HD0987-42/html
HD0987,Protokoll 2025/26:87 Onsdagen den 11 mars,2026-03-11,2025/26,David Perez (SD),SD,41,Y,2026-03-12 02:19:17,https://data.riksdagen.se/anforande/HD0987-41/html
HD0987,Protokoll 2025/26:87 Onsdagen den 11 mars,2026-03-11,2025/26,FÖRSTE VICE TALMANNEN,FÖRSTE VICE TALMANNEN,40,N,2026-03-12 02:19:17,https://data.riksdagen.se/anforande/HD0987-40/html
HD0987,Protokoll 2025/26:87 Onsdagen den 11 mars,2026-03-11,2025/26,Martin Ådahl (C),C,39,Y,2026-03-12 02:19:17,https://data.riksdagen.se/anforande/HD0987-39/html
HD0987,Protokoll 2025/26:87 Onsdagen den 11 mars,2026-03-11,2025/26,David Perez (SD),SD,38,N,2026-03-12 02:19:17,https://data.riksdagen.se/anforande/HD0987-38/html
HD0987,Protokoll 2025/26:87 Onsdagen den 11 mars,2026-03-11,2025/26,Ingela Nylund Watz (S),S,37,N,2026-03-12 02:19:17,https://data.riksdagen.se/anforande/HD0987-37/html
HD0987,Protokoll 2025/26:87 Onsdagen den 11 mars,2026-03-11,2025/26,Edward Riedl (M),M,36,N,2026-03-12 02:19:16,https://data.riksdagen.se/anforande/HD0987-36/html
HD0987,Protokoll 2025/26:87 Onsdagen den 11 mars,2026-03-11,2025/26,Yasmine Eriksson (SD),SD,35,N,2026-03-12 02:19:14,https://data.riksdagen.se/anforande/HD0987-35/html
HD0987,Protokoll 2025/26:87 Onsdagen den 11 mars,2026-03-11,2025/26,Janine Alm Ericson (MP),MP,34,N,2026-03-12 02:19:14,https://data.riksdagen.se/anforande/HD0987-34/html
HD0987,Protokoll 2025/26:87 Onsdagen den 11 mars,2026-03-11,2025/26,Anna Lasses (C),C,33,N,2026-03-12 02:19:14,https://data.riksdagen.se/anforande/HD0987-33/html
HD0987,Protokoll 2025/26:87 Onsdagen den 11 mars,2026-03-11,2025/26,Gudrun Brunegård (KD),KD,32,Y,2026-03-12 02:19:14,https://data.riksdagen.se/anforande/HD0987-32/html
HD0987,Protokoll 2025/26:87 Onsdagen den 11 mars,2026-03-11,2025/26,Lotta Johnsson Fornarve (V),V,31,Y,2026-03-12 02:19:14,https://data.riksdagen.se/anforande/HD0987-31/html
HD0987,Protokoll 2025/26:87 Onsdagen den 11 mars,2026-03-11,2025/26,Gudrun Brunegård (KD),KD,30,Y,2026-03-12 02:19:14,https://data.riksdagen.se/anforande/HD0987-30/html
HD0987,Protokoll 2025/26:87 Onsdagen den 11 mars,2026-03-11,2025/26,Lotta Johnsson Fornarve (V),V,29,Y,2026-03-12 02:19:14,https://data.riksdagen.se/anforande/HD0987-29/html
HD0987,Protokoll 2025/26:87 Onsdagen den 11 mars,2026-03-11,2025/26,Gudrun Brunegård (KD),KD,28,Y,2026-03-12 02:19:14,https://data.riksdagen.se/anforande/HD0987-28/html
HD0987,Protokoll 2025/26:87 Onsdagen den 11 mars,2026-03-11,2025/26,Janine Alm Ericson (MP),MP,27,Y,2026-03-12 02:19:14,https://data.riksdagen.se/anforande/HD0987-27/html
HD0987,Protokoll 2025/26:87 Onsdagen den 11 mars,2026-03-11,2025/26,Gudrun Brunegård (KD),KD,26,Y,2026-03-12 02:19:14,https://data.riksdagen.se/anforande/HD0987-26/html
HD0987,Protokoll 2025/26:87 Onsdagen den 11 mars,2026-03-11,2025/26,Janine Alm Ericson (MP),MP,25,Y,2026-03-12 02:19:14,https://data.riksdagen.se/anforande/HD0987-25/html
HD0987,Protokoll 2025/26:87 Onsdagen den 11 mars,2026-03-11,2025/26,Gudrun Brunegård (KD),KD,24,Y,2026-03-12 02:19:14,https://data.riksdagen.se/anforande/HD0987-24/html
HD0987,Protokoll 2025/26:87 Onsdagen den 11 mars,2026-03-11,2025/26,Anna Lasses (C),C,23,Y,2026-03-12 02:19:14,https://data.riksdagen.se/anforande/HD0987-23/html
HD0987,Protokoll 2025/26:87 Onsdagen den 11 mars,2026-03-11,2025/26,Gudrun Brunegård (KD),KD,22,Y,2026-03-12 02:19:14,https://data.riksdagen.se/anforande/HD0987-22/html
HD0987,Protokoll 2025/26:87 Onsdagen den 11 mars,2026-03-11,2025/26,Anna Lasses (C),C,21,Y,2026-03-12 02:19:14,https://data.riksdagen.se/anforande/HD0987-21/html
HD0987,Protokoll 2025/26:87 Onsdagen den 11 mars,2026-03-11,2025/26,Gudrun Brunegård (KD),KD,20,N,2026-03-12 02:19:14,https://data.riksdagen.se/anforande/HD0987-20/html
HD0987,Protokoll 2025/26:87 Onsdagen den 11 mars,2026-03-11,2025/26,Lotta Johnsson Fornarve (V),V,19,N,2026-03-12 02:19:14,https://data.riksdagen.se/anforande/HD0987-19/html
HD0987,Protokoll 2025/26:87 Onsdagen den 11 mars,2026-03-11,2025/26,Katarina Tolgfors (M),M,18,Y,2026-03-12 02:19:14,https://data.riksdagen.se/anforande/HD0987-18/html
HD0987,Protokoll 2025/26:87 Onsdagen den 11 mars,2026-03-11,2025/26,Linnéa Wickman (S),S,17,Y,2026-03-12 02:19:14,https://data.riksdagen.se/anforande/HD0987-17/html
HD0987,Protokoll 2025/26:87 Onsdagen den 11 mars,2026-03-11,2025/26,Katarina Tolgfors (M),M,16,Y,2026-03-12 02:19:14,https://data.riksdagen.se/anforande/HD0987-16/html
HD0987,Protokoll 2025/26:87 Onsdagen den 11 mars,2026-03-11,2025/26,Linnéa Wickman (S),S,15,Y,2026-03-12 02:19:14,https://data.riksdagen.se/anforande/HD0987-15/html
HD0987,Protokoll 2025/26:87 Onsdagen den 11 mars,2026-03-11,2025/26,Katarina Tolgfors (M),M,14,Y,2026-03-12 02:19:14,https://data.riksdagen.se/anforande/HD0987-14/html
HD0987,Protokoll 2025/26:87 Onsdagen den 11 mars,2026-03-11,2025/26,Anna Lasses (C),C,13,Y,2026-03-12 02:19:14,https://data.riksdagen.se/anforande/HD0987-13/html
HD0987,Protokoll 2025/26:87 Onsdagen den 11 mars,2026-03-11,2025/26,Katarina Tolgfors (M),M,12,Y,2026-03-12 02:19:14,https://data.riksdagen.se/anforande/HD0987-12/html
HD0987,Protokoll 2025/26:87 Onsdagen den 11 mars,2026-03-11,2025/26,Anna Lasses (C),C,11,Y,2026-03-12 02:19:14,https://data.riksdagen.se/anforande/HD0987-11/html
HD0987,Protokoll 2025/26:87 Onsdagen den 11 mars,2026-03-11,2025/26,Katarina Tolgfors (M),M,10,Y,2026-03-12 02:19:14,https://data.riksdagen.se/anforande/HD0987-10/html
HD0987,Protokoll 2025/26:87 Onsdagen den 11 mars,2026-03-11,2025/26,Lotta Johnsson Fornarve (V),V,9,Y,2026-03-12 02:19:14,https://data.riksdagen.se/anforande/HD0987-9/html
HD0987,Protokoll 2025/26:87 Onsdagen den 11 mars,2026-03-11,2025/26,Katarina Tolgfors (M),M,8,Y,2026-03-12 02:19:14,https://data.riksdagen.se/anforande/HD0987-8/html
HD0987,Protokoll 2025/26:87 Onsdagen den 11 mars,2026-03-11,2025/26,Lotta Johnsson Fornarve (V),V,7,Y,2026-03-12 02:19:14,https://data.riksdagen.se/anforande/HD0987-7/html
HD0987,Protokoll 2025/26:87 Onsdagen den 11 mars,2026-03-11,2025/26,Katarina Tolgfors (M),M,6,N,2026-03-12 02:19:14,https://data.riksdagen.se/anforande/HD0987-6/html
HD0987,Protokoll 2025/26:87 Onsdagen den 11 mars,2026-03-11,2025/26,Linnéa Wickman (S),S,5,N,2026-03-12 02:19:13,https://data.riksdagen.se/anforande/HD0987-5/html
HD0987,Protokoll 2025/26:87 Onsdagen den 11 mars,2026-03-11,2025/26,TREDJE VICE TALMANNEN,TREDJE VICE TALMANNEN,4,N,2026-03-12 02:19:08,https://data.riksdagen.se/anforande/HD0987-4/html
HD0987,Protokoll 2025/26:87 Onsdagen den 11 mars,2026-03-11,2025/26,Tony Haddou (V),V,3,N,2026-03-12 02:19:08,https://data.riksdagen.se/anforande/HD0987-3/html
HD0987,Protokoll 2025/26:87 Onsdagen den 11 mars,2026-03-11,2025/26,Annika Hirvonen (MP),MP,2,N,2026-03-12 02:19:08,https://data.riksdagen.se/anforande/HD0987-2/html
HD0987,Protokoll 2025/26:87 Onsdagen den 11 mars,2026-03-11,2025/26,TREDJE VICE TALMANNEN,TREDJE VICE TALMANNEN,1,N,2026-03-12 02:19:06,https://data.riksdagen.se/anforande/HD0987-1/html
HD0986,Protokoll 2025/26:86 Tisdagen den 10 mars,2026-03-10,2025/26,Lars Jilmstad (M),M,107,N,2026-03-10 22:59:04,https://data.riksdagen.se/anforande/HD0986-107/html
HD0986,Protokoll 2025/26:86 Tisdagen den 10 mars,2026-03-10,2025/26,Pontus Andersson Garpvall (SD),SD,106,N,2026-03-10 22:59:04,https://data.riksdagen.se/anforande/HD0986-106/html
HD0986,Protokoll 2025/26:86 Tisdagen den 10 mars,2026-03-10,2025/26,Ulrika Westerlund (MP),MP,105,N,2026-03-10 22:59:04,https://data.riksdagen.se/anforande/HD0986-105/html
HD0986,Protokoll 2025/26:86 Tisdagen den 10 mars,2026-03-10,2025/26,Petter Löberg (S),S,104,N,2026-03-10 22:59:04,https://data.riksdagen.se/anforande/HD0986-104/html
HD0986,Protokoll 2025/26:86 Tisdagen den 10 mars,2026-03-10,2025/26,Adam Marttinen (SD),SD,103,N,2026-03-10 22:59:01,https://data.riksdagen.se/anforande/HD0986-103/html
HD0986,Protokoll 2025/26:86 Tisdagen den 10 mars,2026-03-10,2025/26,Annika Hirvonen (MP),MP,102,N,2026-03-10 22:59:00,https://data.riksdagen.se/anforande/HD0986-102/html
HD0986,Protokoll 2025/26:86 Tisdagen den 10 mars,2026-03-10,2025/26,Anders Ekegren (L),L,101,Y,2026-03-10 22:59:00,https://data.riksdagen.se/anforande/HD0986-101/html
HD0986,Protokoll 2025/26:86 Tisdagen den 10 mars,2026-03-10,2025/26,Annika Hirvonen (MP),MP,100,Y,2026-03-10 22:59:00,https://data.riksdagen.se/anforande/HD0986-100/html
HD0986,Protokoll 2025/26:86 Tisdagen den 10 mars,2026-03-10,2025/26,Anders Ekegren (L),L,99,Y,2026-03-10 22:59:00,https://data.riksdagen.se/anforande/HD0986-99/html
HD0986,Protokoll 2025/26:86 Tisdagen den 10 mars,2026-03-10,2025/26,Annika Hirvonen (MP),MP,98,Y,2026-03-10 22:59:00,https://data.riksdagen.se/anforande/HD0986-98/html
HD0986,Protokoll 2025/26:86 Tisdagen den 10 mars,2026-03-10,2025/26,Anders Ekegren (L),L,97,N,2026-03-10 22:59:00,https://data.riksdagen.se/anforande/HD0986-97/html
HD0986,Protokoll 2025/26:86 Tisdagen den 10 mars,2026-03-10,2025/26,Daniel Bäckström (C),C,96,N,2026-03-10 22:59:00,https://data.riksdagen.se/anforande/HD0986-96/html
HD0986,Protokoll 2025/26:86 Tisdagen den 10 mars,2026-03-10,2025/26,Cecilia Engström (KD),KD,95,Y,2026-03-10 22:59:00,https://data.riksdagen.se/anforande/HD0986-95/html
HD0986,Protokoll 2025/26:86 Tisdagen den 10 mars,2026-03-10,2025/26,Niklas Karlsson (S),S,94,Y,2026-03-10 22:59:00,https://data.riksdagen.se/anforande/HD0986-94/html
HD0986,Protokoll 2025/26:86 Tisdagen den 10 mars,2026-03-10,2025/26,Cecilia Engström (KD),KD,93,Y,2026-03-10 22:59:00,https://data.riksdagen.se/anforande/HD0986-93/html
HD0986,Protokoll 2025/26:86 Tisdagen den 10 mars,2026-03-10,2025/26,Niklas Karlsson (S),S,92,Y,2026-03-10 22:59:00,https://data.riksdagen.se/anforande/HD0986-92/html
HD0986,Protokoll 2025/26:86 Tisdagen den 10 mars,2026-03-10,2025/26,Cecilia Engström (KD),KD,91,N,2026-03-10 22:59:00,https://data.riksdagen.se/anforande/HD0986-91/html
HD0986,Protokoll 2025/26:86 Tisdagen den 10 mars,2026-03-10,2025/26,Ilona Szatmári Waldau (V),V,90,N,2026-03-10 22:59:00,https://data.riksdagen.se/anforande/HD0986-90/html
HD0986,Protokoll 2025/26:86 Tisdagen den 10 mars,2026-03-10,2025/26,Adam Reuterskiöld (M),M,89,Y,2026-03-10 22:59:00,https://data.riksdagen.se/anforande/HD0986-89/html
HD0986,Protokoll 2025/26:86 Tisdagen den 10 mars,2026-03-10,2025/26,Niklas Karlsson (S),S,88,Y,2026-03-10 22:59:00,https://data.riksdagen.se/anforande/HD0986-88/html
HD0986,Protokoll 2025/26:86 Tisdagen den 10 mars,2026-03-10,2025/26,Adam Reuterskiöld (M),M,87,Y,2026-03-10 22:59:00,https://data.riksdagen.se/anforande/HD0986-87/html
HD0986,Protokoll 2025/26:86 Tisdagen den 10 mars,2026-03-10,2025/26,Niklas Karlsson (S),S,86,Y,2026-03-10 22:59:00,https://data.riksdagen.se/anforande/HD0986-86/html
HD0986,Protokoll 2025/26:86 Tisdagen den 10 mars,2026-03-10,2025/26,Adam Reuterskiöld (M),M,85,N,2026-03-10 22:59:00,https://data.riksdagen.se/anforande/HD0986-85/html
HD0986,Protokoll 2025/26:86 Tisdagen den 10 mars,2026-03-10,2025/26,Niklas Karlsson (S),S,84,N,2026-03-10 22:59:00,https://data.riksdagen.se/anforande/HD0986-84/html
HD0986,Protokoll 2025/26:86 Tisdagen den 10 mars,2026-03-10,2025/26,Eric Westroth (SD),SD,83,N,2026-03-10 22:59:00,https://data.riksdagen.se/anforande/HD0986-83/html
HD0986,Protokoll 2025/26:86 Tisdagen den 10 mars,2026-03-10,2025/26,Katarina Luhr (MP),MP,82,N,2026-03-10 22:58:57,https://data.riksdagen.se/anforande/HD0986-82/html
HD0986,Protokoll 2025/26:86 Tisdagen den 10 mars,2026-03-10,2025/26,Rickard Nordin (C),C,81,N,2026-03-10 22:58:57,https://data.riksdagen.se/anforande/HD0986-81/html
HD0986,Protokoll 2025/26:86 Tisdagen den 10 mars,2026-03-10,2025/26,Kjell-Arne Ottosson (KD),KD,80,N,2026-03-10 22:58:57,https://data.riksdagen.se/anforande/HD0986-80/html
HD0986,Protokoll 2025/26:86 Tisdagen den 10 mars,2026-03-10,2025/26,Kajsa Fredholm (V),V,79,Y,2026-03-10 22:58:57,https://data.riksdagen.se/anforande/HD0986-79/html
HD0986,Protokoll 2025/26:86 Tisdagen den 10 mars,2026-03-10,2025/26,Martin Kinnunen (SD),SD,78,Y,2026-03-10 22:58:57,https://data.riksdagen.se/anforande/HD0986-78/html
HD0986,Protokoll 2025/26:86 Tisdagen den 10 mars,2026-03-10,2025/26,Kajsa Fredholm (V),V,77,Y,2026-03-10 22:58:57,https://data.riksdagen.se/anforande/HD0986-77/html
HD0986,Protokoll 2025/26:86 Tisdagen den 10 mars,2026-03-10,2025/26,Martin Kinnunen (SD),SD,76,Y,2026-03-10 22:58:57,https://data.riksdagen.se/anforande/HD0986-76/html
HD0986,Protokoll 2025/26:86 Tisdagen den 10 mars,2026-03-10,2025/26,Kajsa Fredholm (V),V,75,N,2026-03-10 22:58:57,https://data.riksdagen.se/anforande/HD0986-75/html
HD0986,Protokoll 2025/26:86 Tisdagen den 10 mars,2026-03-10,2025/26,Helena Storckenfeldt (M),M,74,Y,2026-03-10 22:58:57,https://data.riksdagen.se/anforande/HD0986-74/html
HD0986,Protokoll 2025/26:86 Tisdagen den 10 mars,2026-03-10,2025/26,Katarina Luhr (MP),MP,73,Y,2026-03-10 22:58:57,https://data.riksdagen.se/anforande/HD0986-73/html
HD0986,Protokoll 2025/26:86 Tisdagen den 10 mars,2026-03-10,2025/26,Helena Storckenfeldt (M),M,72,Y,2026-03-10 22:58:57,https://data.riksdagen.se/anforande/HD0986-72/html
HD0986,Protokoll 2025/26:86 Tisdagen den 10 mars,2026-03-10,2025/26,Katarina Luhr (MP),MP,71,Y,2026-03-10 22:58:57,https://data.riksdagen.se/anforande/HD0986-71/html
HD0986,Protokoll 2025/26:86 Tisdagen den 10 mars,2026-03-10,2025/26,Helena Storckenfeldt (M),M,70,Y,2026-03-10 22:58:57,https://data.riksdagen.se/anforande/HD0986-70/html
HD0986,Protokoll 2025/26:86 Tisdagen den 10 mars,2026-03-10,2025/26,Kajsa Fredholm (V),V,69,Y,2026-03-10 22:58:57,https://data.riksdagen.se/anforande/HD0986-69/html
HD0986,Protokoll 2025/26:86 Tisdagen den 10 mars,2026-03-10,2025/26,Helena Storckenfeldt (M),M,68,Y,2026-03-10 22:58:57,https://data.riksdagen.se/anforande/HD0986-68/html
HD0986,Protokoll 2025/26:86 Tisdagen den 10 mars,2026-03-10,2025/26,Kajsa Fredholm (V),V,67,Y,2026-03-10 22:58:57,https://data.riksdagen.se/anforande/HD0986-67/html
HD0986,Protokoll 2025/26:86 Tisdagen den 10 mars,2026-03-10,2025/26,Helena Storckenfeldt (M),M,66,Y,2026-03-10 22:58:57,https://data.riksdagen.se/anforande/HD0986-66/html
HD0986,Protokoll 2025/26:86 Tisdagen den 10 mars,2026-03-10,2025/26,Åsa Westlund (S),S,65,Y,2026-03-10 22:58:57,https://data.riksdagen.se/anforande/HD0986-65/html
HD0986,Protokoll 2025/26:86 Tisdagen den 10 mars,2026-03-10,2025/26,Helena Storckenfeldt (M),M,64,Y,2026-03-10 22:58:56,https://data.riksdagen.se/anforande/HD0986-64/html
HD0986,Protokoll 2025/26:86 Tisdagen den 10 mars,2026-03-10,2025/26,Åsa Westlund (S),S,63,Y,2026-03-10 22:58:56,https://data.riksdagen.se/anforande/HD0986-63/html
HD0986,Protokoll 2025/26:86 Tisdagen den 10 mars,2026-03-10,2025/26,Helena Storckenfeldt (M),M,62,Y,2026-03-10 22:58:56,https://data.riksdagen.se/anforande/HD0986-62/html
HD0986,Protokoll 2025/26:86 Tisdagen den 10 mars,2026-03-10,2025/26,Rickard Nordin (C),C,61,Y,2026-03-10 22:58:56,https://data.riksdagen.se/anforande/HD0986-61/html
HD0986,Protokoll 2025/26:86 Tisdagen den 10 mars,2026-03-10,2025/26,Helena Storckenfeldt (M),M,60,Y,2026-03-10 22:58:56,https://data.riksdagen.se/anforande/HD0986-60/html
HD0986,Protokoll 2025/26:86 Tisdagen den 10 mars,2026-03-10,2025/26,Rickard Nordin (C),C,59,Y,2026-03-10 22:58:56,https://data.riksdagen.se/anforande/HD0986-59/html
HD0986,Protokoll 2025/26:86 Tisdagen den 10 mars,2026-03-10,2025/26,Helena Storckenfeldt (M),M,58,N,2026-03-10 22:58:56,https://data.riksdagen.se/anforande/HD0986-58/html
HD0986,Protokoll 2025/26:86 Tisdagen den 10 mars,2026-03-10,2025/26,Åsa Westlund (S),S,57,Y,2026-03-10 22:58:56,https://data.riksdagen.se/anforande/HD0986-57/html
HD0986,Protokoll 2025/26:86 Tisdagen den 10 mars,2026-03-10,2025/26,Helena Storckenfeldt (M),M,56,Y,2026-03-10 22:58:56,https://data.riksdagen.se/anforande/HD0986-56/html
HD0986,Protokoll 2025/26:86 Tisdagen den 10 mars,2026-03-10,2025/26,Åsa Westlund (S),S,55,Y,2026-03-10 22:58:56,https://data.riksdagen.se/anforande/HD0986-55/html
HD0986,Protokoll 2025/26:86 Tisdagen den 10 mars,2026-03-10,2025/26,Helena Storckenfeldt (M),M,54,Y,2026-03-10 22:58:56,https://data.riksdagen.se/anforande/HD0986-54/html
HD0986,Protokoll 2025/26:86 Tisdagen den 10 mars,2026-03-10,2025/26,Åsa Westlund (S),S,53,Y,2026-03-10 22:58:56,https://data.riksdagen.se/anforande/HD0986-53/html
HD0986,Protokoll 2025/26:86 Tisdagen den 10 mars,2026-03-10,2025/26,Martin Kinnunen (SD),SD,52,Y,2026-03-10 22:58:56,https://data.riksdagen.se/anforande/HD0986-52/html
HD0986,Protokoll 2025/26:86 Tisdagen den 10 mars,2026-03-10,2025/26,Åsa Westlund (S),S,51,Y,2026-03-10 22:58:56,https://data.riksdagen.se/anforande/HD0986-51/html
HD0986,Protokoll 2025/26:86 Tisdagen den 10 mars,2026-03-10,2025/26,Martin Kinnunen (SD),SD,50,Y,2026-03-10 22:58:56,https://data.riksdagen.se/anforande/HD0986-50/html
HD0986,Protokoll 2025/26:86 Tisdagen den 10 mars,2026-03-10,2025/26,Åsa Westlund (S),S,49,N,2026-03-10 22:58:56,https://data.riksdagen.se/anforande/HD0986-49/html
HD0986,Protokoll 2025/26:86 Tisdagen den 10 mars,2026-03-10,2025/26,Martin Kinnunen (SD),SD,48,Y,2026-03-10 22:58:56,https://data.riksdagen.se/anforande/HD0986-48/html
HD0986,Protokoll 2025/26:86 Tisdagen den 10 mars,2026-03-10,2025/26,Rickard Nordin (C),C,47,Y,2026-03-10 22:58:56,https://data.riksdagen.se/anforande/HD0986-47/html
HD0986,Protokoll 2025/26:86 Tisdagen den 10 mars,2026-03-10,2025/26,Martin Kinnunen (SD),SD,46,Y,2026-03-10 22:58:56,https://data.riksdagen.se/anforande/HD0986-46/html
HD0986,Protokoll 2025/26:86 Tisdagen den 10 mars,2026-03-10,2025/26,Rickard Nordin (C),C,45,Y,2026-03-10 22:58:56,https://data.riksdagen.se/anforande/HD0986-45/html
HD0986,Protokoll 2025/26:86 Tisdagen den 10 mars,2026-03-10,2025/26,Martin Kinnunen (SD),SD,44,Y,2026-03-10 22:58:56,https://data.riksdagen.se/anforande/HD0986-44/html
HD0986,Protokoll 2025/26:86 Tisdagen den 10 mars,2026-03-10,2025/26,Katarina Luhr (MP),MP,43,Y,2026-03-10 22:58:56,https://data.riksdagen.se/anforande/HD0986-43/html
HD0986,Protokoll 2025/26:86 Tisdagen den 10 mars,2026-03-10,2025/26,Martin Kinnunen (SD),SD,42,Y,2026-03-10 22:58:56,https://data.riksdagen.se/anforande/HD0986-42/html
HD0986,Protokoll 2025/26:86 Tisdagen den 10 mars,2026-03-10,2025/26,Katarina Luhr (MP),MP,41,Y,2026-03-10 22:58:56,https://data.riksdagen.se/anforande/HD0986-41/html
HD0986,Protokoll 2025/26:86 Tisdagen den 10 mars,2026-03-10,2025/26,Martin Kinnunen (SD),SD,40,Y,2026-03-10 22:58:56,https://data.riksdagen.se/anforande/HD0986-40/html
HD0986,Protokoll 2025/26:86 Tisdagen den 10 mars,2026-03-10,2025/26,Åsa Westlund (S),S,39,Y,2026-03-10 22:58:56,https://data.riksdagen.se/anforande/HD0986-39/html
HD0986,Protokoll 2025/26:86 Tisdagen den 10 mars,2026-03-10,2025/26,Martin Kinnunen (SD),SD,38,Y,2026-03-10 22:58:56,https://data.riksdagen.se/anforande/HD0986-38/html
HD0986,Protokoll 2025/26:86 Tisdagen den 10 mars,2026-03-10,2025/26,Åsa Westlund (S),S,37,Y,2026-03-10 22:58:56,https://data.riksdagen.se/anforande/HD0986-37/html
HD0986,Protokoll 2025/26:86 Tisdagen den 10 mars,2026-03-10,2025/26,Martin Kinnunen (SD),SD,36,N,2026-03-10 22:58:56,https://data.riksdagen.se/anforande/HD0986-36/html
HD0986,Protokoll 2025/26:86 Tisdagen den 10 mars,2026-03-10,2025/26,Rebecka Le Moine (MP),MP,35,Y,2026-03-10 22:58:57,https://data.riksdagen.se/anforande/HD0986-35/html
HD0986,Protokoll 2025/26:86 Tisdagen den 10 mars,2026-03-10,2025/26,Tomas Kronståhl (S),S,34,Y,2026-03-10 22:58:57,https://data.riksdagen.se/anforande/HD0986-34/html
HD0986,Protokoll 2025/26:86 Tisdagen den 10 mars,2026-03-10,2025/26,Rebecka Le Moine (MP),MP,33,Y,2026-03-10 22:58:57,https://data.riksdagen.se/anforande/HD0986-33/html
HD0986,Protokoll 2025/26:86 Tisdagen den 10 mars,2026-03-10,2025/26,Tomas Kronståhl (S),S,32,Y,2026-03-10 22:58:57,https://data.riksdagen.se/anforande/HD0986-32/html
HD0986,Protokoll 2025/26:86 Tisdagen den 10 mars,2026-03-10,2025/26,Rebecka Le Moine (MP),MP,31,N,2026-03-10 22:58:57,https://data.riksdagen.se/anforande/HD0986-31/html
HD0986,Protokoll 2025/26:86 Tisdagen den 10 mars,2026-03-10,2025/26,Anders Karlsson (C),C,30,N,2026-03-10 22:58:57,https://data.riksdagen.se/anforande/HD0986-30/html
HD0986,Protokoll 2025/26:86 Tisdagen den 10 mars,2026-03-10,2025/26,Kjell-Arne Ottosson (KD),KD,29,Y,2026-03-10 22:58:57,https://data.riksdagen.se/anforande/HD0986-29/html
HD0986,Protokoll 2025/26:86 Tisdagen den 10 mars,2026-03-10,2025/26,Rebecka Le Moine (MP),MP,28,Y,2026-03-10 22:58:57,https://data.riksdagen.se/anforande/HD0986-28/html
HD0986,Protokoll 2025/26:86 Tisdagen den 10 mars,2026-03-10,2025/26,Kjell-Arne Ottosson (KD),KD,27,Y,2026-03-10 22:58:57,https://data.riksdagen.se/anforande/HD0986-27/html
HD0986,Protokoll 2025/26:86 Tisdagen den 10 mars,2026-03-10,2025/26,Rebecka Le Moine (MP),MP,26,Y,2026-03-10 22:58:57,https://data.riksdagen.se/anforande/HD0986-26/html
HD0986,Protokoll 2025/26:86 Tisdagen den 10 mars,2026-03-10,2025/26,Kjell-Arne Ottosson (KD),KD,25,Y,2026-03-10 22:58:57,https://data.riksdagen.se/anforande/HD0986-25/html
HD0986,Protokoll 2025/26:86 Tisdagen den 10 mars,2026-03-10,2025/26,Anders Karlsson (C),C,24,Y,2026-03-10 22:58:57,https://data.riksdagen.se/anforande/HD0986-24/html
HD0986,Protokoll 2025/26:86 Tisdagen den 10 mars,2026-03-10,2025/26,Kjell-Arne Ottosson (KD),KD,23,Y,2026-03-10 22:58:57,https://data.riksdagen.se/anforande/HD0986-23/html
HD0986,Protokoll 2025/26:86 Tisdagen den 10 mars,2026-03-10,2025/26,Anders Karlsson (C),C,22,Y,2026-03-10 22:58:57,https://data.riksdagen.se/anforande/HD0986-22/html
HD0986,Protokoll 2025/26:86 Tisdagen den 10 mars,2026-03-10,2025/26,Kjell-Arne Ottosson (KD),KD,21,Y,2026-03-10 22:58:57,https://data.riksdagen.se/anforande/HD0986-21/html
HD0986,Protokoll 2025/26:86 Tisdagen den 10 mars,2026-03-10,2025/26,Tomas Kronståhl (S),S,20,Y,2026-03-10 22:58:57,https://data.riksdagen.se/anforande/HD0986-20/html
HD0986,Protokoll 2025/26:86 Tisdagen den 10 mars,2026-03-10,2025/26,Kjell-Arne Ottosson (KD),KD,19,Y,2026-03-10 22:58:56,https://data.riksdagen.se/anforande/HD0986-19/html
HD0986,Protokoll 2025/26:86 Tisdagen den 10 mars,2026-03-10,2025/26,Tomas Kronståhl (S),S,18,Y,2026-03-10 22:58:56,https://data.riksdagen.se/anforande/HD0986-18/html
HD0986,Protokoll 2025/26:86 Tisdagen den 10 mars,2026-03-10,2025/26,Kjell-Arne Ottosson (KD),KD,17,N,2026-03-10 22:58:56,https://data.riksdagen.se/anforande/HD0986-17/html
HD0986,Protokoll 2025/26:86 Tisdagen den 10 mars,2026-03-10,2025/26,Kajsa Fredholm (V),V,16,Y,2026-03-10 22:58:56,https://data.riksdagen.se/anforande/HD0986-16/html
HD0986,Protokoll 2025/26:86 Tisdagen den 10 mars,2026-03-10,2025/26,Anders Karlsson (C),C,15,Y,2026-03-10 22:58:56,https://data.riksdagen.se/anforande/HD0986-15/html
HD0986,Protokoll 2025/26:86 Tisdagen den 10 mars,2026-03-10,2025/26,Kajsa Fredholm (V),V,14,Y,2026-03-10 22:58:56,https://data.riksdagen.se/anforande/HD0986-14/html
HD0986,Protokoll 2025/26:86 Tisdagen den 10 mars,2026-03-10,2025/26,Anders Karlsson (C),C,13,Y,2026-03-10 22:58:56,https://data.riksdagen.se/anforande/HD0986-13/html
HD0986,Protokoll 2025/26:86 Tisdagen den 10 mars,2026-03-10,2025/26,Kajsa Fredholm (V),V,12,N,2026-03-10 22:58:56,https://data.riksdagen.se/anforande/HD0986-12/html
HD0986,Protokoll 2025/26:86 Tisdagen den 10 mars,2026-03-10,2025/26,John Widegren (M),M,11,Y,2026-03-10 22:58:56,https://data.riksdagen.se/anforande/HD0986-11/html
HD0986,Protokoll 2025/26:86 Tisdagen den 10 mars,2026-03-10,2025/26,Tomas Kronståhl (S),S,10,Y,2026-03-10 22:58:56,https://data.riksdagen.se/anforande/HD0986-10/html
HD0986,Protokoll 2025/26:86 Tisdagen den 10 mars,2026-03-10,2025/26,John Widegren (M),M,9,Y,2026-03-10 22:58:56,https://data.riksdagen.se/anforande/HD0986-9/html
HD0986,Protokoll 2025/26:86 Tisdagen den 10 mars,2026-03-10,2025/26,Tomas Kronståhl (S),S,8,Y,2026-03-10 22:58:56,https://data.riksdagen.se/anforande/HD0986-8/html
HD0986,Protokoll 2025/26:86 Tisdagen den 10 mars,2026-03-10,2025/26,John Widegren (M),M,7,N,2026-03-10 22:58:56,https://data.riksdagen.se/anforande/HD0986-7/html
HD0986,Protokoll 2025/26:86 Tisdagen den 10 mars,2026-03-10,2025/26,Tomas Kronståhl (S),S,6,Y,2026-03-10 22:58:56,https://data.riksdagen.se/anforande/HD0986-6/html
HD0986,Protokoll 2025/26:86 Tisdagen den 10 mars,2026-03-10,2025/26,Rebecka Le Moine (MP),MP,5,Y,2026-03-10 22:58:56,https://data.riksdagen.se/anforande/HD0986-5/html
HD0986,Protokoll 2025/26:86 Tisdagen den 10 mars,2026-03-10,2025/26,Tomas Kronståhl (S),S,4,Y,2026-03-10 22:58:56,https://data.riksdagen.se/anforande/HD0986-4/html
HD0986,Protokoll 2025/26:86 Tisdagen den 10 mars,2026-03-10,2025/26,Rebecka Le Moine (MP),MP,3,Y,2026-03-10 22:58:56,https://data.riksdagen.se/anforande/HD0986-3/html
HD0986,Protokoll 2025/26:86 Tisdagen den 10 mars,2026-03-10,2025/26,Tomas Kronståhl (S),S,2,N,2026-03-10 22:58:56,https://data.riksdagen.se/anforande/HD0986-2/html
HD0986,Protokoll 2025/26:86 Tisdagen den 10 mars,2026-03-10,2025/26,Mattias Eriksson Falk (SD),SD,1,N,2026-03-10 22:58:56,https://data.riksdagen.se/anforande/HD0986-1/html
HD0985,Protokoll 2025/26:85 Måndagen den 9 mars,2026-03-09,2025/26,Äldre- och socialförsäkringsministern Anna Tenje (M),M,84,N,2026-03-09 18:54:20,https://data.riksdagen.se/anforande/HD0985-84/html
HD0985,Protokoll 2025/26:85 Måndagen den 9 mars,2026-03-09,2025/26,Arber Gashi (S),S,83,N,2026-03-09 18:54:20,https://data.riksdagen.se/anforande/HD0985-83/html
HD0985,Protokoll 2025/26:85 Måndagen den 9 mars,2026-03-09,2025/26,Äldre- och socialförsäkringsministern Anna Tenje (M),M,82,N,2026-03-09 18:54:20,https://data.riksdagen.se/anforande/HD0985-82/html
HD0985,Protokoll 2025/26:85 Måndagen den 9 mars,2026-03-09,2025/26,Arber Gashi (S),S,81,N,2026-03-09 18:54:20,https://data.riksdagen.se/anforande/HD0985-81/html
HD0985,Protokoll 2025/26:85 Måndagen den 9 mars,2026-03-09,2025/26,Äldre- och socialförsäkringsministern Anna Tenje (M),M,80,N,2026-03-09 18:54:20,https://data.riksdagen.se/anforande/HD0985-80/html
HD0985,Protokoll 2025/26:85 Måndagen den 9 mars,2026-03-09,2025/26,Arber Gashi (S),S,79,N,2026-03-09 18:54:20,https://data.riksdagen.se/anforande/HD0985-79/html
HD0985,Protokoll 2025/26:85 Måndagen den 9 mars,2026-03-09,2025/26,Äldre- och socialförsäkringsministern Anna Tenje (M),M,78,N,2026-03-09 18:54:20,https://data.riksdagen.se/anforande/HD0985-78/html
HD0985,Protokoll 2025/26:85 Måndagen den 9 mars,2026-03-09,2025/26,Arbetsmarknadsminister och vikarierande klimat- och miljöminister JOHAN BRITZ (L),L,77,N,2026-03-09 18:54:19,https://data.riksdagen.se/anforande/HD0985-77/html
HD0985,Protokoll 2025/26:85 Måndagen den 9 mars,2026-03-09,2025/26,Åsa Westlund (S),S,76,N,2026-03-09 18:54:19,https://data.riksdagen.se/anforande/HD0985-76/html
HD0985,Protokoll 2025/26:85 Måndagen den 9 mars,2026-03-09,2025/26,Arbetsmarknadsminister och vikarierande klimat- och miljöminister JOHAN BRITZ (L),L,75,N,2026-03-09 18:54:19,https://data.riksdagen.se/anforande/HD0985-75/html
HD0985,Protokoll 2025/26:85 Måndagen den 9 mars,2026-03-09,2025/26,Jytte Guteland (S),S,74,N,2026-03-09 18:54:19,https://data.riksdagen.se/anforande/HD0985-74/html
HD0985,Protokoll 2025/26:85 Måndagen den 9 mars,2026-03-09,2025/26,Åsa Westlund (S),S,73,N,2026-03-09 18:54:19,https://data.riksdagen.se/anforande/HD0985-73/html
HD0985,Protokoll 2025/26:85 Måndagen den 9 mars,2026-03-09,2025/26,Arbetsmarknadsminister och vikarierande klimat- och miljöminister JOHAN BRITZ (L),L,72,N,2026-03-09 18:54:19,https://data.riksdagen.se/anforande/HD0985-72/html
HD0985,Protokoll 2025/26:85 Måndagen den 9 mars,2026-03-09,2025/26,Jytte Guteland (S),S,71,N,2026-03-09 18:54:19,https://data.riksdagen.se/anforande/HD0985-71/html
HD0985,Protokoll 2025/26:85 Måndagen den 9 mars,2026-03-09,2025/26,Åsa Westlund (S),S,70,N,2026-03-09 18:54:19,https://data.riksdagen.se/anforande/HD0985-70/html
HD0985,Protokoll 2025/26:85 Måndagen den 9 mars,2026-03-09,2025/26,Arbetsmarknadsminister och vikarierande klimat- och miljöminister JOHAN BRITZ (L),L,69,N,2026-03-09 18:54:19,https://data.riksdagen.se/anforande/HD0985-69/html
HD0985,Protokoll 2025/26:85 Måndagen den 9 mars,2026-03-09,2025/26,Arbetsmarknadsminister och vikarierande klimat- och miljöminister JOHAN BRITZ (L),L,68,N,2026-03-09 18:54:18,https://data.riksdagen.se/anforande/HD0985-68/html
HD0985,Protokoll 2025/26:85 Måndagen den 9 mars,2026-03-09,2025/26,Jytte Guteland (S),S,67,N,2026-03-09 18:54:18,https://data.riksdagen.se/anforande/HD0985-67/html
HD0985,Protokoll 2025/26:85 Måndagen den 9 mars,2026-03-09,2025/26,Arbetsmarknadsminister och vikarierande klimat- och miljöminister JOHAN BRITZ (L),L,66,N,2026-03-09 18:54:18,https://data.riksdagen.se/anforande/HD0985-66/html
HD0985,Protokoll 2025/26:85 Måndagen den 9 mars,2026-03-09,2025/26,Jytte Guteland (S),S,65,N,2026-03-09 18:54:18,https://data.riksdagen.se/anforande/HD0985-65/html
HD0985,Protokoll 2025/26:85 Måndagen den 9 mars,2026-03-09,2025/26,Arbetsmarknadsminister och vikarierande klimat- och miljöminister JOHAN BRITZ (L),L,64,N,2026-03-09 18:54:18,https://data.riksdagen.se/anforande/HD0985-64/html
HD0985,Protokoll 2025/26:85 Måndagen den 9 mars,2026-03-09,2025/26,Jytte Guteland (S),S,63,N,2026-03-09 18:54:18,https://data.riksdagen.se/anforande/HD0985-63/html
HD0985,Protokoll 2025/26:85 Måndagen den 9 mars,2026-03-09,2025/26,Arbetsmarknadsminister och vikarierande klimat- och miljöminister JOHAN BRITZ (L),L,62,N,2026-03-09 18:54:18,https://data.riksdagen.se/anforande/HD0985-62/html
HD0985,Protokoll 2025/26:85 Måndagen den 9 mars,2026-03-09,2025/26,Arbetsmarknadsminister och vikarierande klimat- och miljöminister JOHAN BRITZ (L),L,61,N,2026-03-09 18:54:16,https://data.riksdagen.se/anforande/HD0985-61/html
HD0985,Protokoll 2025/26:85 Måndagen den 9 mars,2026-03-09,2025/26,Jytte Guteland (S),S,60,N,2026-03-09 18:54:16,https://data.riksdagen.se/anforande/HD0985-60/html
HD0985,Protokoll 2025/26:85 Måndagen den 9 mars,2026-03-09,2025/26,Arbetsmarknadsminister och vikarierande klimat- och miljöminister JOHAN BRITZ (L),L,59,N,2026-03-09 18:54:16,https://data.riksdagen.se/anforande/HD0985-59/html
HD0985,Protokoll 2025/26:85 Måndagen den 9 mars,2026-03-09,2025/26,Åsa Westlund (S),S,58,N,2026-03-09 18:54:16,https://data.riksdagen.se/anforande/HD0985-58/html
HD0985,Protokoll 2025/26:85 Måndagen den 9 mars,2026-03-09,2025/26,Jytte Guteland (S),S,57,N,2026-03-09 18:54:16,https://data.riksdagen.se/anforande/HD0985-57/html
HD0985,Protokoll 2025/26:85 Måndagen den 9 mars,2026-03-09,2025/26,Arbetsmarknadsminister och vikarierande klimat- och miljöminister JOHAN BRITZ (L),L,56,N,2026-03-09 18:54:16,https://data.riksdagen.se/anforande/HD0985-56/html
HD0985,Protokoll 2025/26:85 Måndagen den 9 mars,2026-03-09,2025/26,Åsa Westlund (S),S,55,N,2026-03-09 18:54:16,https://data.riksdagen.se/anforande/HD0985-55/html
HD0985,Protokoll 2025/26:85 Måndagen den 9 mars,2026-03-09,2025/26,Jytte Guteland (S),S,54,N,2026-03-09 18:54:16,https://data.riksdagen.se/anforande/HD0985-54/html
HD0985,Protokoll 2025/26:85 Måndagen den 9 mars,2026-03-09,2025/26,Arbetsmarknadsminister och vikarierande klimat- och miljöminister JOHAN BRITZ (L),L,53,N,2026-03-09 18:54:16,https://data.riksdagen.se/anforande/HD0985-53/html
HD0985,Protokoll 2025/26:85 Måndagen den 9 mars,2026-03-09,2025/26,Arbetsmarknadsminister och vikarierande klimat- och miljöminister JOHAN BRITZ (L),L,52,N,2026-03-09 18:54:16,https://data.riksdagen.se/anforande/HD0985-52/html
HD0985,Protokoll 2025/26:85 Måndagen den 9 mars,2026-03-09,2025/26,Sofia Amloh (S),S,51,N,2026-03-09 18:54:16,https://data.riksdagen.se/anforande/HD0985-51/html
HD0985,Protokoll 2025/26:85 Måndagen den 9 mars,2026-03-09,2025/26,Arbetsmarknadsminister och vikarierande klimat- och miljöminister JOHAN BRITZ (L),L,50,N,2026-03-09 18:54:16,https://data.riksdagen.se/anforande/HD0985-50/html
HD0985,Protokoll 2025/26:85 Måndagen den 9 mars,2026-03-09,2025/26,Leif Nysmed (S),S,49,N,2026-03-09 18:54:16,https://data.riksdagen.se/anforande/HD0985-49/html
HD0985,Protokoll 2025/26:85 Måndagen den 9 mars,2026-03-09,2025/26,Magnus Persson (SD),SD,48,N,2026-03-09 18:54:16,https://data.riksdagen.se/anforande/HD0985-48/html
HD0985,Protokoll 2025/26:85 Måndagen den 9 mars,2026-03-09,2025/26,Sofia Amloh (S),S,47,N,2026-03-09 18:54:16,https://data.riksdagen.se/anforande/HD0985-47/html
HD0985,Protokoll 2025/26:85 Måndagen den 9 mars,2026-03-09,2025/26,Arbetsmarknadsminister och vikarierande klimat- och miljöminister JOHAN BRITZ (L),L,46,N,2026-03-09 18:54:16,https://data.riksdagen.se/anforande/HD0985-46/html
HD0985,Protokoll 2025/26:85 Måndagen den 9 mars,2026-03-09,2025/26,Leif Nysmed (S),S,45,N,2026-03-09 18:54:16,https://data.riksdagen.se/anforande/HD0985-45/html
HD0985,Protokoll 2025/26:85 Måndagen den 9 mars,2026-03-09,2025/26,Magnus Persson (SD),SD,44,N,2026-03-09 18:54:16,https://data.riksdagen.se/anforande/HD0985-44/html
HD0985,Protokoll 2025/26:85 Måndagen den 9 mars,2026-03-09,2025/26,Sofia Amloh (S),S,43,N,2026-03-09 18:54:16,https://data.riksdagen.se/anforande/HD0985-43/html
HD0985,Protokoll 2025/26:85 Måndagen den 9 mars,2026-03-09,2025/26,Arbetsmarknadsminister och vikarierande klimat- och miljöminister JOHAN BRITZ (L),L,42,N,2026-03-09 18:54:16,https://data.riksdagen.se/anforande/HD0985-42/html
HD0985,Protokoll 2025/26:85 Måndagen den 9 mars,2026-03-09,2025/26,Arbetsmarknadsminister och vikarierande klimat- och miljöminister JOHAN BRITZ (L),L,41,N,2026-03-09 18:54:16,https://data.riksdagen.se/anforande/HD0985-41/html
HD0985,Protokoll 2025/26:85 Måndagen den 9 mars,2026-03-09,2025/26,Sofia Amloh (S),S,40,N,2026-03-09 18:54:16,https://data.riksdagen.se/anforande/HD0985-40/html
HD0985,Protokoll 2025/26:85 Måndagen den 9 mars,2026-03-09,2025/26,Arbetsmarknadsminister och vikarierande klimat- och miljöminister JOHAN BRITZ (L),L,39,N,2026-03-09 18:54:16,https://data.riksdagen.se/anforande/HD0985-39/html
HD0985,Protokoll 2025/26:85 Måndagen den 9 mars,2026-03-09,2025/26,Sofia Amloh (S),S,38,N,2026-03-09 18:54:16,https://data.riksdagen.se/anforande/HD0985-38/html
HD0985,Protokoll 2025/26:85 Måndagen den 9 mars,2026-03-09,2025/26,Arbetsmarknadsminister och vikarierande klimat- och miljöminister JOHAN BRITZ (L),L,37,N,2026-03-09 18:54:16,https://data.riksdagen.se/anforande/HD0985-37/html
HD0985,Protokoll 2025/26:85 Måndagen den 9 mars,2026-03-09,2025/26,Sofia Amloh (S),S,36,N,2026-03-09 18:54:16,https://data.riksdagen.se/anforande/HD0985-36/html
HD0985,Protokoll 2025/26:85 Måndagen den 9 mars,2026-03-09,2025/26,Arbetsmarknadsminister och vikarierande klimat- och miljöminister JOHAN BRITZ (L),L,35,N,2026-03-09 18:54:15,https://data.riksdagen.se/anforande/HD0985-35/html
HD0985,Protokoll 2025/26:85 Måndagen den 9 mars,2026-03-09,2025/26,Utrikesministern Maria Malmer Stenergard (M),M,34,N,2026-03-09 18:54:16,https://data.riksdagen.se/anforande/HD0985-34/html
HD0985,Protokoll 2025/26:85 Måndagen den 9 mars,2026-03-09,2025/26,Markus Wiechel (SD),SD,33,N,2026-03-09 18:54:16,https://data.riksdagen.se/anforande/HD0985-33/html
HD0985,Protokoll 2025/26:85 Måndagen den 9 mars,2026-03-09,2025/26,Utrikesministern Maria Malmer Stenergard (M),M,32,N,2026-03-09 18:54:16,https://data.riksdagen.se/anforande/HD0985-32/html
HD0985,Protokoll 2025/26:85 Måndagen den 9 mars,2026-03-09,2025/26,Markus Wiechel (SD),SD,31,N,2026-03-09 18:54:16,https://data.riksdagen.se/anforande/HD0985-31/html
HD0985,Protokoll 2025/26:85 Måndagen den 9 mars,2026-03-09,2025/26,Utrikesministern Maria Malmer Stenergard (M),M,30,N,2026-03-09 18:54:16,https://data.riksdagen.se/anforande/HD0985-30/html
HD0985,Protokoll 2025/26:85 Måndagen den 9 mars,2026-03-09,2025/26,Markus Wiechel (SD),SD,29,N,2026-03-09 18:54:15,https://data.riksdagen.se/anforande/HD0985-29/html
HD0985,Protokoll 2025/26:85 Måndagen den 9 mars,2026-03-09,2025/26,Utrikesministern Maria Malmer Stenergard (M),M,28,N,2026-03-09 18:54:15,https://data.riksdagen.se/anforande/HD0985-28/html
HD0985,Protokoll 2025/26:85 Måndagen den 9 mars,2026-03-09,2025/26,Utrikesministern Maria Malmer Stenergard (M),M,27,N,2026-03-09 18:54:12,https://data.riksdagen.se/anforande/HD0985-27/html
HD0985,Protokoll 2025/26:85 Måndagen den 9 mars,2026-03-09,2025/26,Lorena Delgado Varas (-),-,26,N,2026-03-09 18:54:12,https://data.riksdagen.se/anforande/HD0985-26/html
HD0985,Protokoll 2025/26:85 Måndagen den 9 mars,2026-03-09,2025/26,Utrikesministern Maria Malmer Stenergard (M),M,25,N,2026-03-09 18:54:12,https://data.riksdagen.se/anforande/HD0985-25/html
HD0985,Protokoll 2025/26:85 Måndagen den 9 mars,2026-03-09,2025/26,Lorena Delgado Varas (-),-,24,N,2026-03-09 18:54:12,https://data.riksdagen.se/anforande/HD0985-24/html
HD0985,Protokoll 2025/26:85 Måndagen den 9 mars,2026-03-09,2025/26,Utrikesministern Maria Malmer Stenergard (M),M,23,N,2026-03-09 18:54:12,https://data.riksdagen.se/anforande/HD0985-23/html
HD0985,Protokoll 2025/26:85 Måndagen den 9 mars,2026-03-09,2025/26,Lorena Delgado Varas (-),-,22,N,2026-03-09 18:54:12,https://data.riksdagen.se/anforande/HD0985-22/html
HD0985,Protokoll 2025/26:85 Måndagen den 9 mars,2026-03-09,2025/26,Utrikesministern Maria Malmer Stenergard (M),M,21,N,2026-03-09 18:54:12,https://data.riksdagen.se/anforande/HD0985-21/html
HD0985,Protokoll 2025/26:85 Måndagen den 9 mars,2026-03-09,2025/26,Utrikesministern Maria Malmer Stenergard (M),M,20,N,2026-03-09 18:54:11,https://data.riksdagen.se/anforande/HD0985-20/html
HD0985,Protokoll 2025/26:85 Måndagen den 9 mars,2026-03-09,2025/26,Kadir Kasirga (S),S,19,N,2026-03-09 18:54:11,https://data.riksdagen.se/anforande/HD0985-19/html
HD0985,Protokoll 2025/26:85 Måndagen den 9 mars,2026-03-09,2025/26,Utrikesministern Maria Malmer Stenergard (M),M,18,N,2026-03-09 18:54:11,https://data.riksdagen.se/anforande/HD0985-18/html
HD0985,Protokoll 2025/26:85 Måndagen den 9 mars,2026-03-09,2025/26,Markus Wiechel (SD),SD,17,N,2026-03-09 18:54:11,https://data.riksdagen.se/anforande/HD0985-17/html
HD0985,Protokoll 2025/26:85 Måndagen den 9 mars,2026-03-09,2025/26,Kadir Kasirga (S),S,16,N,2026-03-09 18:54:11,https://data.riksdagen.se/anforande/HD0985-16/html
HD0985,Protokoll 2025/26:85 Måndagen den 9 mars,2026-03-09,2025/26,Utrikesministern Maria Malmer Stenergard (M),M,15,N,2026-03-09 18:54:11,https://data.riksdagen.se/anforande/HD0985-15/html
HD0985,Protokoll 2025/26:85 Måndagen den 9 mars,2026-03-09,2025/26,Markus Wiechel (SD),SD,14,N,2026-03-09 18:54:11,https://data.riksdagen.se/anforande/HD0985-14/html
HD0985,Protokoll 2025/26:85 Måndagen den 9 mars,2026-03-09,2025/26,Johan Büser (S),S,13,N,2026-03-09 18:54:11,https://data.riksdagen.se/anforande/HD0985-13/html
HD0985,Protokoll 2025/26:85 Måndagen den 9 mars,2026-03-09,2025/26,Kadir Kasirga (S),S,12,N,2026-03-09 18:54:11,https://data.riksdagen.se/anforande/HD0985-12/html
HD0985,Protokoll 2025/26:85 Måndagen den 9 mars,2026-03-09,2025/26,Utrikesministern Maria Malmer Stenergard (M),M,11,N,2026-03-09 18:54:10,https://data.riksdagen.se/anforande/HD0985-11/html
HD0985,Protokoll 2025/26:85 Måndagen den 9 mars,2026-03-09,2025/26,Utrikesministern Maria Malmer Stenergard (M),M,10,N,2026-03-09 18:54:10,https://data.riksdagen.se/anforande/HD0985-10/html
HD0985,Protokoll 2025/26:85 Måndagen den 9 mars,2026-03-09,2025/26,Johan Büser (S),S,9,N,2026-03-09 18:54:10,https://data.riksdagen.se/anforande/HD0985-9/html
HD0985,Protokoll 2025/26:85 Måndagen den 9 mars,2026-03-09,2025/26,Utrikesministern Maria Malmer Stenergard (M),M,8,N,2026-03-09 18:54:10,https://data.riksdagen.se/anforande/HD0985-8/html
HD0985,Protokoll 2025/26:85 Måndagen den 9 mars,2026-03-09,2025/26,Johan Büser (S),S,7,N,2026-03-09 18:54:10,https://data.riksdagen.se/anforande/HD0985-7/html
HD0985,Protokoll 2025/26:85 Måndagen den 9 mars,2026-03-09,2025/26,Utrikesministern Maria Malmer Stenergard (M),M,6,N,2026-03-09 18:54:10,https://data.riksdagen.se/anforande/HD0985-6/html
HD0985,Protokoll 2025/26:85 Måndagen den 9 mars,2026-03-09,2025/26,Johan Büser (S),S,5,N,2026-03-09 18:54:10,https://data.riksdagen.se/anforande/HD0985-5/html
HD0985,Protokoll 2025/26:85 Måndagen den 9 mars,2026-03-09,2025/26,Utrikesministern Maria Malmer Stenergard (M),M,4,N,2026-03-09 18:54:10,https://data.riksdagen.se/anforande/HD0985-4/html
HD0985,Protokoll 2025/26:85 Måndagen den 9 mars,2026-03-09,2025/26,TREDJE VICE TALMANNEN,TREDJE VICE TALMANNEN,3,N,2026-03-09 18:54:09,https://data.riksdagen.se/anforande/HD0985-3/html
HD0985,Protokoll 2025/26:85 Måndagen den 9 mars,2026-03-09,2025/26,Lorena Delgado Varas (-),-,2,N,2026-03-09 18:54:09,https://data.riksdagen.se/anforande/HD0985-2/html
HD0985,Protokoll 2025/26:85 Måndagen den 9 mars,2026-03-09,2025/26,Utrikesministern Maria Malmer Stenergard (M),M,1,N,2026-03-09 18:54:09,https://data.riksdagen.se/anforande/HD0985-1/html
HD0984,Protokoll 2025/26:84 Fredagen den 6 mars,2026-03-06,2025/26,Bistånds- och utrikeshandelsministern Benjamin Dousa (M),M,22,N,2026-03-06 14:43:06,https://data.riksdagen.se/anforande/HD0984-22/html
HD0984,Protokoll 2025/26:84 Fredagen den 6 mars,2026-03-06,2025/26,Lotta Johnsson Fornarve (V),V,21,N,2026-03-06 14:43:06,https://data.riksdagen.se/anforande/HD0984-21/html
HD0984,Protokoll 2025/26:84 Fredagen den 6 mars,2026-03-06,2025/26,Olle Thorell (S),S,20,N,2026-03-06 14:43:06,https://data.riksdagen.se/anforande/HD0984-20/html
HD0984,Protokoll 2025/26:84 Fredagen den 6 mars,2026-03-06,2025/26,Bistånds- och utrikeshandelsministern Benjamin Dousa (M),M,19,N,2026-03-06 14:43:06,https://data.riksdagen.se/anforande/HD0984-19/html
HD0984,Protokoll 2025/26:84 Fredagen den 6 mars,2026-03-06,2025/26,Nima Gholam Ali Pour (SD),SD,18,N,2026-03-06 14:43:06,https://data.riksdagen.se/anforande/HD0984-18/html
HD0984,Protokoll 2025/26:84 Fredagen den 6 mars,2026-03-06,2025/26,Jacob Risberg (MP),MP,17,N,2026-03-06 14:43:06,https://data.riksdagen.se/anforande/HD0984-17/html
HD0984,Protokoll 2025/26:84 Fredagen den 6 mars,2026-03-06,2025/26,Lotta Johnsson Fornarve (V),V,16,N,2026-03-06 14:43:06,https://data.riksdagen.se/anforande/HD0984-16/html
HD0984,Protokoll 2025/26:84 Fredagen den 6 mars,2026-03-06,2025/26,Olle Thorell (S),S,15,N,2026-03-06 14:43:06,https://data.riksdagen.se/anforande/HD0984-15/html
HD0984,Protokoll 2025/26:84 Fredagen den 6 mars,2026-03-06,2025/26,Bistånds- och utrikeshandelsministern Benjamin Dousa (M),M,14,N,2026-03-06 14:43:06,https://data.riksdagen.se/anforande/HD0984-14/html
HD0984,Protokoll 2025/26:84 Fredagen den 6 mars,2026-03-06,2025/26,TALMANNEN,TALMANNEN,13,N,2026-03-06 14:43:06,https://data.riksdagen.se/anforande/HD0984-13/html
HD0984,Protokoll 2025/26:84 Fredagen den 6 mars,2026-03-06,2025/26,Nima Gholam Ali Pour (SD),SD,12,N,2026-03-06 14:43:06,https://data.riksdagen.se/anforande/HD0984-12/html
HD0984,Protokoll 2025/26:84 Fredagen den 6 mars,2026-03-06,2025/26,Jacob Risberg (MP),MP,11,N,2026-03-06 14:43:06,https://data.riksdagen.se/anforande/HD0984-11/html
HD0984,Protokoll 2025/26:84 Fredagen den 6 mars,2026-03-06,2025/26,Lotta Johnsson Fornarve (V),V,10,N,2026-03-06 14:43:06,https://data.riksdagen.se/anforande/HD0984-10/html
HD0984,Protokoll 2025/26:84 Fredagen den 6 mars,2026-03-06,2025/26,Olle Thorell (S),S,9,N,2026-03-06 14:43:06,https://data.riksdagen.se/anforande/HD0984-9/html
HD0984,Protokoll 2025/26:84 Fredagen den 6 mars,2026-03-06,2025/26,Bistånds- och utrikeshandelsministern Benjamin Dousa (M),M,8,N,2026-03-06 14:43:05,https://data.riksdagen.se/anforande/HD0984-8/html
HD0984,Protokoll 2025/26:84 Fredagen den 6 mars,2026-03-06,2025/26,EU-ministern Jessica Rosencrantz (M),M,7,N,2026-03-06 14:43:04,https://data.riksdagen.se/anforande/HD0984-7/html
HD0984,Protokoll 2025/26:84 Fredagen den 6 mars,2026-03-06,2025/26,Matilda Ernkrans (S),S,6,N,2026-03-06 14:43:04,https://data.riksdagen.se/anforande/HD0984-6/html
HD0984,Protokoll 2025/26:84 Fredagen den 6 mars,2026-03-06,2025/26,EU-ministern Jessica Rosencrantz (M),M,5,N,2026-03-06 14:43:04,https://data.riksdagen.se/anforande/HD0984-5/html
HD0984,Protokoll 2025/26:84 Fredagen den 6 mars,2026-03-06,2025/26,Matilda Ernkrans (S),S,4,N,2026-03-06 14:43:04,https://data.riksdagen.se/anforande/HD0984-4/html
HD0984,Protokoll 2025/26:84 Fredagen den 6 mars,2026-03-06,2025/26,EU-ministern Jessica Rosencrantz (M),M,3,N,2026-03-06 14:43:04,https://data.riksdagen.se/anforande/HD0984-3/html
HD0984,Protokoll 2025/26:84 Fredagen den 6 mars,2026-03-06,2025/26,Matilda Ernkrans (S),S,2,N,2026-03-06 14:43:04,https://data.riksdagen.se/anforande/HD0984-2/html
HD0984,Protokoll 2025/26:84 Fredagen den 6 mars,2026-03-06,2025/26,EU-ministern Jessica Rosencrantz (M),M,1,N,2026-03-06 14:43:04,https://data.riksdagen.se/anforande/HD0984-1/html
HD0983,Protokoll 2025/26:83 Torsdagen den 5 mars,2026-03-05,2025/26,Martina Johansson (C),C,200,N,2026-03-06 01:10:18,https://data.riksdagen.se/anforande/HD0983-200/html
HD0983,Protokoll 2025/26:83 Torsdagen den 5 mars,2026-03-05,2025/26,Ludvig Ceimertz (M),M,199,N,2026-03-06 01:10:17,https://data.riksdagen.se/anforande/HD0983-199/html
HD0983,Protokoll 2025/26:83 Torsdagen den 5 mars,2026-03-05,2025/26,Laila Naraghi (S),S,198,Y,2026-03-06 01:10:17,https://data.riksdagen.se/anforande/HD0983-198/html
HD0983,Protokoll 2025/26:83 Torsdagen den 5 mars,2026-03-05,2025/26,Mikael Eskilandersson (SD),SD,197,Y,2026-03-06 01:10:17,https://data.riksdagen.se/anforande/HD0983-197/html
HD0983,Protokoll 2025/26:83 Torsdagen den 5 mars,2026-03-05,2025/26,Laila Naraghi (S),S,196,Y,2026-03-06 01:10:17,https://data.riksdagen.se/anforande/HD0983-196/html
HD0983,Protokoll 2025/26:83 Torsdagen den 5 mars,2026-03-05,2025/26,Mikael Eskilandersson (SD),SD,195,Y,2026-03-06 01:10:17,https://data.riksdagen.se/anforande/HD0983-195/html
HD0983,Protokoll 2025/26:83 Torsdagen den 5 mars,2026-03-05,2025/26,Laila Naraghi (S),S,194,Y,2026-03-06 01:10:17,https://data.riksdagen.se/anforande/HD0983-194/html
HD0983,Protokoll 2025/26:83 Torsdagen den 5 mars,2026-03-05,2025/26,Martina Johansson (C),C,193,Y,2026-03-06 01:10:17,https://data.riksdagen.se/anforande/HD0983-193/html
HD0983,Protokoll 2025/26:83 Torsdagen den 5 mars,2026-03-05,2025/26,Laila Naraghi (S),S,192,Y,2026-03-06 01:10:17,https://data.riksdagen.se/anforande/HD0983-192/html
HD0983,Protokoll 2025/26:83 Torsdagen den 5 mars,2026-03-05,2025/26,Martina Johansson (C),C,191,Y,2026-03-06 01:10:17,https://data.riksdagen.se/anforande/HD0983-191/html
HD0983,Protokoll 2025/26:83 Torsdagen den 5 mars,2026-03-05,2025/26,Laila Naraghi (S),S,190,N,2026-03-06 01:10:17,https://data.riksdagen.se/anforande/HD0983-190/html
HD0983,Protokoll 2025/26:83 Torsdagen den 5 mars,2026-03-05,2025/26,Mikael Eskilandersson (SD),SD,189,N,2026-03-06 01:10:17,https://data.riksdagen.se/anforande/HD0983-189/html
HD0983,Protokoll 2025/26:83 Torsdagen den 5 mars,2026-03-05,2025/26,Jacob Risberg (MP),MP,188,N,2026-03-06 01:10:16,https://data.riksdagen.se/anforande/HD0983-188/html
HD0983,Protokoll 2025/26:83 Torsdagen den 5 mars,2026-03-05,2025/26,Mikael Larsson (C),C,187,N,2026-03-06 01:10:16,https://data.riksdagen.se/anforande/HD0983-187/html
HD0983,Protokoll 2025/26:83 Torsdagen den 5 mars,2026-03-05,2025/26,Hanna Gunnarsson (V),V,186,N,2026-03-06 01:10:16,https://data.riksdagen.se/anforande/HD0983-186/html
HD0983,Protokoll 2025/26:83 Torsdagen den 5 mars,2026-03-05,2025/26,Gustaf Göthberg (M),M,185,N,2026-03-06 01:10:16,https://data.riksdagen.se/anforande/HD0983-185/html
HD0983,Protokoll 2025/26:83 Torsdagen den 5 mars,2026-03-05,2025/26,Lena Johansson (S),S,184,N,2026-03-06 01:10:16,https://data.riksdagen.se/anforande/HD0983-184/html
HD0983,Protokoll 2025/26:83 Torsdagen den 5 mars,2026-03-05,2025/26,Björn Söder (SD),SD,183,N,2026-03-06 01:10:16,https://data.riksdagen.se/anforande/HD0983-183/html
HD0983,Protokoll 2025/26:83 Torsdagen den 5 mars,2026-03-05,2025/26,Björn Söder (SD),SD,182,N,2026-03-06 01:10:16,https://data.riksdagen.se/anforande/HD0983-182/html
HD0983,Protokoll 2025/26:83 Torsdagen den 5 mars,2026-03-05,2025/26,Yasmine Eriksson (SD),SD,181,N,2026-03-06 01:10:16,https://data.riksdagen.se/anforande/HD0983-181/html
HD0983,Protokoll 2025/26:83 Torsdagen den 5 mars,2026-03-05,2025/26,Lotta Johnsson Fornarve (V),V,180,N,2026-03-06 01:10:15,https://data.riksdagen.se/anforande/HD0983-180/html
HD0983,Protokoll 2025/26:83 Torsdagen den 5 mars,2026-03-05,2025/26,Jacob Risberg (MP),MP,179,Y,2026-03-06 01:10:15,https://data.riksdagen.se/anforande/HD0983-179/html
HD0983,Protokoll 2025/26:83 Torsdagen den 5 mars,2026-03-05,2025/26,Fredrik Malm (L),L,178,Y,2026-03-06 01:10:15,https://data.riksdagen.se/anforande/HD0983-178/html
HD0983,Protokoll 2025/26:83 Torsdagen den 5 mars,2026-03-05,2025/26,Jacob Risberg (MP),MP,177,Y,2026-03-06 01:10:15,https://data.riksdagen.se/anforande/HD0983-177/html
HD0983,Protokoll 2025/26:83 Torsdagen den 5 mars,2026-03-05,2025/26,Fredrik Malm (L),L,176,Y,2026-03-06 01:10:15,https://data.riksdagen.se/anforande/HD0983-176/html
HD0983,Protokoll 2025/26:83 Torsdagen den 5 mars,2026-03-05,2025/26,Jacob Risberg (MP),MP,175,Y,2026-03-06 01:10:15,https://data.riksdagen.se/anforande/HD0983-175/html
HD0983,Protokoll 2025/26:83 Torsdagen den 5 mars,2026-03-05,2025/26,Stefan Olsson (M),M,174,Y,2026-03-06 01:10:15,https://data.riksdagen.se/anforande/HD0983-174/html
HD0983,Protokoll 2025/26:83 Torsdagen den 5 mars,2026-03-05,2025/26,Jacob Risberg (MP),MP,173,Y,2026-03-06 01:10:15,https://data.riksdagen.se/anforande/HD0983-173/html
HD0983,Protokoll 2025/26:83 Torsdagen den 5 mars,2026-03-05,2025/26,Stefan Olsson (M),M,172,Y,2026-03-06 01:10:15,https://data.riksdagen.se/anforande/HD0983-172/html
HD0983,Protokoll 2025/26:83 Torsdagen den 5 mars,2026-03-05,2025/26,Jacob Risberg (MP),MP,171,N,2026-03-06 01:10:15,https://data.riksdagen.se/anforande/HD0983-171/html
HD0983,Protokoll 2025/26:83 Torsdagen den 5 mars,2026-03-05,2025/26,Fredrik Malm (L),L,170,Y,2026-03-06 01:10:15,https://data.riksdagen.se/anforande/HD0983-170/html
HD0983,Protokoll 2025/26:83 Torsdagen den 5 mars,2026-03-05,2025/26,Håkan Svenneling (V),V,169,Y,2026-03-06 01:10:15,https://data.riksdagen.se/anforande/HD0983-169/html
HD0983,Protokoll 2025/26:83 Torsdagen den 5 mars,2026-03-05,2025/26,Fredrik Malm (L),L,168,Y,2026-03-06 01:10:15,https://data.riksdagen.se/anforande/HD0983-168/html
HD0983,Protokoll 2025/26:83 Torsdagen den 5 mars,2026-03-05,2025/26,Håkan Svenneling (V),V,167,Y,2026-03-06 01:10:15,https://data.riksdagen.se/anforande/HD0983-167/html
HD0983,Protokoll 2025/26:83 Torsdagen den 5 mars,2026-03-05,2025/26,Fredrik Malm (L),L,166,N,2026-03-06 01:10:15,https://data.riksdagen.se/anforande/HD0983-166/html
HD0983,Protokoll 2025/26:83 Torsdagen den 5 mars,2026-03-05,2025/26,Kerstin Lundgren (C),C,165,N,2026-03-06 01:10:15,https://data.riksdagen.se/anforande/HD0983-165/html
HD0983,Protokoll 2025/26:83 Torsdagen den 5 mars,2026-03-05,2025/26,Magnus Berntsson (KD),KD,164,Y,2026-03-06 01:10:15,https://data.riksdagen.se/anforande/HD0983-164/html
HD0983,Protokoll 2025/26:83 Torsdagen den 5 mars,2026-03-05,2025/26,Jacob Risberg (MP),MP,163,Y,2026-03-06 01:10:15,https://data.riksdagen.se/anforande/HD0983-163/html
HD0983,Protokoll 2025/26:83 Torsdagen den 5 mars,2026-03-05,2025/26,Magnus Berntsson (KD),KD,162,Y,2026-03-06 01:10:15,https://data.riksdagen.se/anforande/HD0983-162/html
HD0983,Protokoll 2025/26:83 Torsdagen den 5 mars,2026-03-05,2025/26,Jacob Risberg (MP),MP,161,Y,2026-03-06 01:10:15,https://data.riksdagen.se/anforande/HD0983-161/html
HD0983,Protokoll 2025/26:83 Torsdagen den 5 mars,2026-03-05,2025/26,Magnus Berntsson (KD),KD,160,Y,2026-03-06 01:10:15,https://data.riksdagen.se/anforande/HD0983-160/html
HD0983,Protokoll 2025/26:83 Torsdagen den 5 mars,2026-03-05,2025/26,Johan Büser (S),S,159,Y,2026-03-06 01:10:15,https://data.riksdagen.se/anforande/HD0983-159/html
HD0983,Protokoll 2025/26:83 Torsdagen den 5 mars,2026-03-05,2025/26,Magnus Berntsson (KD),KD,158,Y,2026-03-06 01:10:15,https://data.riksdagen.se/anforande/HD0983-158/html
HD0983,Protokoll 2025/26:83 Torsdagen den 5 mars,2026-03-05,2025/26,Johan Büser (S),S,157,Y,2026-03-06 01:10:15,https://data.riksdagen.se/anforande/HD0983-157/html
HD0983,Protokoll 2025/26:83 Torsdagen den 5 mars,2026-03-05,2025/26,Magnus Berntsson (KD),KD,156,N,2026-03-06 01:10:15,https://data.riksdagen.se/anforande/HD0983-156/html
HD0983,Protokoll 2025/26:83 Torsdagen den 5 mars,2026-03-05,2025/26,Håkan Svenneling (V),V,155,N,2026-03-06 01:10:15,https://data.riksdagen.se/anforande/HD0983-155/html
HD0983,Protokoll 2025/26:83 Torsdagen den 5 mars,2026-03-05,2025/26,Stefan Olsson (M),M,154,Y,2026-03-06 01:10:15,https://data.riksdagen.se/anforande/HD0983-154/html
HD0983,Protokoll 2025/26:83 Torsdagen den 5 mars,2026-03-05,2025/26,Jacob Risberg (MP),MP,153,Y,2026-03-06 01:10:15,https://data.riksdagen.se/anforande/HD0983-153/html
HD0983,Protokoll 2025/26:83 Torsdagen den 5 mars,2026-03-05,2025/26,Stefan Olsson (M),M,152,Y,2026-03-06 01:10:15,https://data.riksdagen.se/anforande/HD0983-152/html
HD0983,Protokoll 2025/26:83 Torsdagen den 5 mars,2026-03-05,2025/26,Jacob Risberg (MP),MP,151,Y,2026-03-06 01:10:15,https://data.riksdagen.se/anforande/HD0983-151/html
HD0983,Protokoll 2025/26:83 Torsdagen den 5 mars,2026-03-05,2025/26,Stefan Olsson (M),M,150,Y,2026-03-06 01:10:15,https://data.riksdagen.se/anforande/HD0983-150/html
HD0983,Protokoll 2025/26:83 Torsdagen den 5 mars,2026-03-05,2025/26,Håkan Svenneling (V),V,149,Y,2026-03-06 01:10:15,https://data.riksdagen.se/anforande/HD0983-149/html
HD0983,Protokoll 2025/26:83 Torsdagen den 5 mars,2026-03-05,2025/26,Stefan Olsson (M),M,148,Y,2026-03-06 01:10:15,https://data.riksdagen.se/anforande/HD0983-148/html
HD0983,Protokoll 2025/26:83 Torsdagen den 5 mars,2026-03-05,2025/26,Håkan Svenneling (V),V,147,Y,2026-03-06 01:10:15,https://data.riksdagen.se/anforande/HD0983-147/html
HD0983,Protokoll 2025/26:83 Torsdagen den 5 mars,2026-03-05,2025/26,Stefan Olsson (M),M,146,Y,2026-03-06 01:10:15,https://data.riksdagen.se/anforande/HD0983-146/html
HD0983,Protokoll 2025/26:83 Torsdagen den 5 mars,2026-03-05,2025/26,Johan Büser (S),S,145,Y,2026-03-06 01:10:15,https://data.riksdagen.se/anforande/HD0983-145/html
HD0983,Protokoll 2025/26:83 Torsdagen den 5 mars,2026-03-05,2025/26,Stefan Olsson (M),M,144,Y,2026-03-06 01:10:15,https://data.riksdagen.se/anforande/HD0983-144/html
HD0983,Protokoll 2025/26:83 Torsdagen den 5 mars,2026-03-05,2025/26,Johan Büser (S),S,143,Y,2026-03-06 01:10:15,https://data.riksdagen.se/anforande/HD0983-143/html
HD0983,Protokoll 2025/26:83 Torsdagen den 5 mars,2026-03-05,2025/26,Stefan Olsson (M),M,142,N,2026-03-06 01:10:15,https://data.riksdagen.se/anforande/HD0983-142/html
HD0983,Protokoll 2025/26:83 Torsdagen den 5 mars,2026-03-05,2025/26,Johan Büser (S),S,141,N,2026-03-06 01:10:15,https://data.riksdagen.se/anforande/HD0983-141/html
HD0983,Protokoll 2025/26:83 Torsdagen den 5 mars,2026-03-05,2025/26,Nils Seye Larsen (MP),MP,140,N,2026-03-06 01:10:13,https://data.riksdagen.se/anforande/HD0983-140/html
HD0983,Protokoll 2025/26:83 Torsdagen den 5 mars,2026-03-05,2025/26,Malin Danielsson (L),L,139,Y,2026-03-06 01:10:13,https://data.riksdagen.se/anforande/HD0983-139/html
HD0983,Protokoll 2025/26:83 Torsdagen den 5 mars,2026-03-05,2025/26,Christofer Bergenblock (C),C,138,Y,2026-03-06 01:10:13,https://data.riksdagen.se/anforande/HD0983-138/html
HD0983,Protokoll 2025/26:83 Torsdagen den 5 mars,2026-03-05,2025/26,Malin Danielsson (L),L,137,Y,2026-03-06 01:10:13,https://data.riksdagen.se/anforande/HD0983-137/html
HD0983,Protokoll 2025/26:83 Torsdagen den 5 mars,2026-03-05,2025/26,Christofer Bergenblock (C),C,136,Y,2026-03-06 01:10:13,https://data.riksdagen.se/anforande/HD0983-136/html
HD0983,Protokoll 2025/26:83 Torsdagen den 5 mars,2026-03-05,2025/26,Malin Danielsson (L),L,135,N,2026-03-06 01:10:13,https://data.riksdagen.se/anforande/HD0983-135/html
HD0983,Protokoll 2025/26:83 Torsdagen den 5 mars,2026-03-05,2025/26,Christofer Bergenblock (C),C,134,N,2026-03-06 01:10:13,https://data.riksdagen.se/anforande/HD0983-134/html
HD0983,Protokoll 2025/26:83 Torsdagen den 5 mars,2026-03-05,2025/26,Dan Hovskär (KD),KD,133,N,2026-03-06 01:10:13,https://data.riksdagen.se/anforande/HD0983-133/html
HD0983,Protokoll 2025/26:83 Torsdagen den 5 mars,2026-03-05,2025/26,Håkan Svenneling (V),V,132,N,2026-03-06 01:10:13,https://data.riksdagen.se/anforande/HD0983-132/html
HD0983,Protokoll 2025/26:83 Torsdagen den 5 mars,2026-03-05,2025/26,Malin Höglund (M),M,131,Y,2026-03-06 01:10:13,https://data.riksdagen.se/anforande/HD0983-131/html
HD0983,Protokoll 2025/26:83 Torsdagen den 5 mars,2026-03-05,2025/26,Mikael Dahlqvist (S),S,130,Y,2026-03-06 01:10:13,https://data.riksdagen.se/anforande/HD0983-130/html
HD0983,Protokoll 2025/26:83 Torsdagen den 5 mars,2026-03-05,2025/26,Malin Höglund (M),M,129,Y,2026-03-06 01:10:13,https://data.riksdagen.se/anforande/HD0983-129/html
HD0983,Protokoll 2025/26:83 Torsdagen den 5 mars,2026-03-05,2025/26,Mikael Dahlqvist (S),S,128,Y,2026-03-06 01:10:13,https://data.riksdagen.se/anforande/HD0983-128/html
HD0983,Protokoll 2025/26:83 Torsdagen den 5 mars,2026-03-05,2025/26,Malin Höglund (M),M,127,N,2026-03-06 01:10:13,https://data.riksdagen.se/anforande/HD0983-127/html
HD0983,Protokoll 2025/26:83 Torsdagen den 5 mars,2026-03-05,2025/26,Mikael Dahlqvist (S),S,126,N,2026-03-06 01:10:13,https://data.riksdagen.se/anforande/HD0983-126/html
HD0983,Protokoll 2025/26:83 Torsdagen den 5 mars,2026-03-05,2025/26,Mona Olin (SD),SD,125,Y,2026-03-06 01:10:13,https://data.riksdagen.se/anforande/HD0983-125/html
HD0983,Protokoll 2025/26:83 Torsdagen den 5 mars,2026-03-05,2025/26,Christofer Bergenblock (C),C,124,Y,2026-03-06 01:10:13,https://data.riksdagen.se/anforande/HD0983-124/html
HD0983,Protokoll 2025/26:83 Torsdagen den 5 mars,2026-03-05,2025/26,Mona Olin (SD),SD,123,Y,2026-03-06 01:10:13,https://data.riksdagen.se/anforande/HD0983-123/html
HD0983,Protokoll 2025/26:83 Torsdagen den 5 mars,2026-03-05,2025/26,Christofer Bergenblock (C),C,122,Y,2026-03-06 01:10:13,https://data.riksdagen.se/anforande/HD0983-122/html
HD0983,Protokoll 2025/26:83 Torsdagen den 5 mars,2026-03-05,2025/26,Mona Olin (SD),SD,121,Y,2026-03-06 01:10:13,https://data.riksdagen.se/anforande/HD0983-121/html
HD0983,Protokoll 2025/26:83 Torsdagen den 5 mars,2026-03-05,2025/26,Mikael Dahlqvist (S),S,120,Y,2026-03-06 01:10:13,https://data.riksdagen.se/anforande/HD0983-120/html
HD0983,Protokoll 2025/26:83 Torsdagen den 5 mars,2026-03-05,2025/26,Mona Olin (SD),SD,119,Y,2026-03-06 01:10:13,https://data.riksdagen.se/anforande/HD0983-119/html
