dok_id,titel,datum,dokumenttyp,riksmote,organ,status,publicerad,summary,beteckning,debattnamn
HDA3UbU202605211000,Utbildningsutskottets sammanträde,2026-05-21 10:00:00,utskottsmöte,2025/26,,planerat,2025-11-17 11:00:01,<h2>Planerat sammanträde</h2><p>Datum och tid: Torsdag 2026-05-21 kl. 10:00<br />Plats: RÖ4-30</p>,,Utskottens kallelser och föredragningslistor
HDA3TU202605211000,Trafikutskottets sammanträde,2026-05-21 10:00:00,utskottsmöte,2025/26,,planerat,2025-10-23 16:09:21,<h2>Planerat sammanträde</h2><p>Datum och tid: Torsdag 2026-05-21 kl. 10:00<br />Plats: RÖ7-23</p>,,Utskottens kallelser och föredragningslistor
HDA3AU202605211000,Arbetsmarknadsutskottets sammanträde,2026-05-21 10:00:00,utskottsmöte,2025/26,,planerat,2026-01-13 17:21:03,<h2>Planerat sammanträde</h2><p>Datum och tid: Torsdag 2026-05-21 kl. 10:00<br />Plats: RÖ5-38</p>,,Utskottens kallelser och föredragningslistor
HDA3SfU202605211000,Socialförsäkringsutskottets sammanträde,2026-05-21 10:00:00,utskottsmöte,2025/26,,planerat,2025-12-19 16:37:54,<h2>Planerat sammanträde</h2><p>Datum och tid: Torsdag 2026-05-21 kl. 10:00<br />Plats: RÖ4-43</p>,,Utskottens kallelser och föredragningslistor
HDA3JuU202605211000,Justitieutskottets sammanträde,2026-05-21 10:00:00,utskottsmöte,2025/26,,planerat,2025-12-10 09:41:34,<h2>Planerat sammanträde</h2><p>Datum och tid: Torsdag 2026-05-21 kl. 10:00<br />Plats: RÖ7-44</p>,,Utskottens kallelser och föredragningslistor
HDA3NU202605211000,Näringsutskottets sammanträde,2026-05-21 10:00:00,utskottsmöte,2025/26,,planerat,2025-12-16 14:49:06,<h2>Planerat sammanträde</h2><p>Datum och tid: Torsdag 2026-05-21 kl. 10:00<br />Plats: RÖ4-27</p>,,Utskottens kallelser och föredragningslistor
HDA3FöU202605211000,Försvarsutskottets sammanträde,2026-05-21 10:00:00,utskottsmöte,2025/26,,planerat,2025-12-18 09:52:09,<h2>Planerat sammanträde</h2><p>Datum och tid: Torsdag 2026-05-21 kl. 10:00<br />Plats: RÖ5-32</p>,,Utskottens kallelser och föredragningslistor
HDA3SkU202605211000,Skatteutskottets sammanträde,2026-05-21 10:00:00,utskottsmöte,2025/26,,planerat,2025-06-16 11:13:40,<h2>Planerat sammanträde</h2><p>Datum och tid: Torsdag 2026-05-21 kl. 10:00<br />Plats: RÖ4-09</p>,,Utskottens kallelser och föredragningslistor
HDA3SoU202605211000,Socialutskottets sammanträde,2026-05-21 10:00:00,utskottsmöte,2025/26,,planerat,2025-05-22 13:37:58,<h2>Planerat sammanträde</h2><p>Datum och tid: Torsdag 2026-05-21 kl. 10:00<br />Plats: RÖ4-50</p>,,Utskottens kallelser och föredragningslistor
HDA3FiU202605211030,Finansutskottets sammanträde,2026-05-21 10:30:00,utskottsmöte,2025/26,,planerat,2025-10-23 10:58:01,<h2>Planerat sammanträde</h2><p>Datum och tid: Torsdag 2026-05-21 kl. 10:30<br />Plats: RÖ5-10</p>,,Utskottens kallelser och föredragningslistor
HDC120260521ap,Arbetsplenum,2026-05-21 12:00:00,kam-ap,2025/26,,planerat,1899-01-01,"
				Riksdagen debatterar utskottens förslag. 
				
				",,Debatt om förslag
HDC120260521fs,Frågestund,2026-05-21 14:00:00,kam-fs,2025/26,,planerat,1899-01-01,<p>Vid frågestunden svarar ministrarna i regeringen på frågor från riksdagsledamöterna direkt i kammaren.</p><p> Frågor besvaras av:&nbsp;</p><ul><li>EU-minister Jessica Rosencrantz (M)</li><li>Äldre- och socialförsäkringsminister Anna Tenje (M)</li><li>Minister för civilt försvar Carl-Oskar Bohlin (M)</li><li>Jämställdhetsminister Nina Larsson (L)</li></ul><p>EU-minister Jessica Rosencrantz (M) besvarar såväl allmänpolitiska frågor som frågor inom sitt eget ansvarsområde.</p><p>Listan över ministrar som deltar är preliminär.</p>,,Frågestund
HDC120260521vo,Votering,2026-05-21 15:20:00,kam-vo,2025/26,,planerat,1899-01-01,"
				Riksdagen beslutar om ärenden. 
				
				",,Beslut
HDC120260522ip,Interpellationssvar,2026-05-22 08:00:00,kam-ip,2025/26,,planerat,1899-01-01,"
				Ministrarna svarar på frågor som ledamöterna har ställt i sina interpellationer. Efter varje svar blir det debatt. Alla ledamöter som vill får delta i debatterna.
				",,Interpellationsdebatt
HDA3EUN202605220900,EU-nämndens sammanträde,2026-05-22 09:00:00,utskottsmöte,2025/26,,planerat,2025-10-16 16:48:39,"<h2>Planerat sammanträde</h2><p>Datum och tid: Fredag 2026-05-22 kl. 09:00<br />Plats: Skandiasalen (N3) Obs! Entré från Mynttorget 1</p><p>​Information och samråd inför dels möte i rådet (jordbruk och fiske) den 26 maj, dels möte i rådet (allmänna frågor) den 26 maj samt möte i rådet (konkurrenskraft: <span style=""text-decoration: underline;"">inre marknaden, industri</span>, forskning och innovation samt rymdfrågor) den 28 maj 2026.&#160;​<br/></p>",,Utskottens kallelser och föredragningslistor
HDC120260522ap,"Arbetsplenum efter interpellationssvar, dock tidigast kl. 12.00",2026-05-22 12:00:00,kam-ap,2025/26,,planerat,1899-01-01,"
				Riksdagen debatterar utskottens förslag. 
				
				",,Debatt om förslag
HDC120260523ap,Arbetsplenum,2026-05-23 10:00:00,kam-ap,2025/26,,planerat,1899-01-01,"
				Riksdagen debatterar utskottens förslag. 
				
				",,Debatt om förslag
HDC120260525ap,Arbetsplenum,2026-05-25 10:00:00,kam-ap,2025/26,,planerat,1899-01-01,"
				Riksdagen debatterar utskottens förslag. 
				
				",,Debatt om förslag
HDA3FiU202605260900,Finansutskottets sammanträde,2026-05-26 09:00:00,utskottsmöte,2025/26,,planerat,2025-11-07 11:41:21,"<h2>Planerat sammanträde</h2><p>Datum och tid: Tisdag 2026-05-26 kl. 09:00<br />Plats: Skandiasalen</p>Utfrågning om rapporten Svensk penningpolitik 2025 (Cemof) med direktionen och rapportförfattare.

",,Utskottens kallelser och föredragningslistor
HDA3UbU202605261100,Utbildningsutskottets sammanträde,2026-05-26 11:00:00,utskottsmöte,2025/26,,planerat,2025-11-17 11:00:30,<h2>Planerat sammanträde</h2><p>Datum och tid: Tisdag 2026-05-26 kl. 11:00<br />Plats: RÖ4-30</p>,,Utskottens kallelser och föredragningslistor
HDA3TU202605261100,Trafikutskottets sammanträde,2026-05-26 11:00:00,utskottsmöte,2025/26,,planerat,2025-10-23 16:09:33,<h2>Planerat sammanträde</h2><p>Datum och tid: Tisdag 2026-05-26 kl. 11:00<br />Plats: RÖ7-23</p>,,Utskottens kallelser och föredragningslistor
HDA3MJU202605261100,Miljö- och jordbruksutskottets sammanträde,2026-05-26 11:00:00,utskottsmöte,2025/26,,planerat,2026-01-21 14:59:53,<h2>Planerat sammanträde</h2><p>Datum och tid: Tisdag 2026-05-26 kl. 11:00<br />Plats: RÖ7-26</p>,,Utskottens kallelser och föredragningslistor
HDA3CU202605261100,Civilutskottets sammanträde,2026-05-26 11:00:00,utskottsmöte,2025/26,,planerat,2026-01-08 16:29:22,<h2>Planerat sammanträde</h2><p>Datum och tid: Tisdag 2026-05-26 kl. 11:00<br />Plats: RÖ7-41</p>Reservsammanträde,,Utskottens kallelser och föredragningslistor
HDA3SfU202605261100,Socialförsäkringsutskottets sammanträde,2026-05-26 11:00:00,utskottsmöte,2025/26,,planerat,2025-12-19 16:38:07,<h2>Planerat sammanträde</h2><p>Datum och tid: Tisdag 2026-05-26 kl. 11:00<br />Plats: RÖ4-43</p>,,Utskottens kallelser och föredragningslistor
HDA3JuU202605261100,Justitieutskottets sammanträde,2026-05-26 11:00:00,utskottsmöte,2025/26,,planerat,2025-12-10 09:41:48,<h2>Planerat sammanträde</h2><p>Datum och tid: Tisdag 2026-05-26 kl. 11:00<br />Plats: RÖ7-44</p>,,Utskottens kallelser och föredragningslistor
HDA3KU202605261100,Konstitutionsutskottets sammanträde,2026-05-26 11:00:00,utskottsmöte,2025/26,,planerat,2025-12-16 13:52:01,<h2>Planerat sammanträde</h2><p>Datum och tid: Tisdag 2026-05-26 kl. 11:00<br />Plats: RÖ7-08</p>,,Utskottens kallelser och föredragningslistor
HDA3NU202605261100,Näringsutskottets sammanträde,2026-05-26 11:00:00,utskottsmöte,2025/26,,planerat,2025-12-16 14:49:18,<h2>Planerat sammanträde</h2><p>Datum och tid: Tisdag 2026-05-26 kl. 11:00<br />Plats: RÖ4-27</p>,,Utskottens kallelser och föredragningslistor
HDA3KrU202605261100,Kulturutskottets sammanträde,2026-05-26 11:00:00,utskottsmöte,2025/26,,planerat,2025-12-16 15:37:59,<h2>Planerat sammanträde</h2><p>Datum och tid: Tisdag 2026-05-26 kl. 11:00<br />Plats: RÖ7-35</p>,,Utskottens kallelser och föredragningslistor
HDA3FiU202605261100,Finansutskottets sammanträde,2026-05-26 11:00:00,utskottsmöte,2025/26,,planerat,2025-10-23 10:58:09,<h2>Planerat sammanträde</h2><p>Datum och tid: Tisdag 2026-05-26 kl. 11:00<br />Plats: RÖ5-10</p>,,Utskottens kallelser och föredragningslistor
HDA3SkU202605261100,Skatteutskottets sammanträde,2026-05-26 11:00:00,utskottsmöte,2025/26,,planerat,2025-06-16 11:14:00,<h2>Planerat sammanträde</h2><p>Datum och tid: Tisdag 2026-05-26 kl. 11:00<br />Plats: RÖ4-09</p>,,Utskottens kallelser och föredragningslistor
HDA3SoU202605261100,Socialutskottets sammanträde,2026-05-26 11:00:00,utskottsmöte,2025/26,,planerat,2025-05-22 13:38:05,<h2>Planerat sammanträde</h2><p>Datum och tid: Tisdag 2026-05-26 kl. 11:00<br />Plats: RÖ4-50</p>,,Utskottens kallelser och föredragningslistor
HDA3FöU202605261130,Försvarsutskottets sammanträde,2026-05-26 11:30:00,utskottsmöte,2025/26,,planerat,2025-12-18 09:53:09,<h2>Planerat sammanträde</h2><p>Datum och tid: Tisdag 2026-05-26 kl. 11:30<br />Plats: RÖ5-32</p>,,Utskottens kallelser och föredragningslistor
HDC120260526ap,Arbetsplenum,2026-05-26 12:00:00,kam-ap,2025/26,,planerat,1899-01-01,"
				Riksdagen debatterar utskottens förslag. 
				
				",,Debatt om förslag
HDC120260526vo,Votering,2026-05-26 15:30:00,kam-vo,2025/26,,planerat,1899-01-01,"
				Riksdagen beslutar om ärenden. 
				
				",,Beslut
HDC120260527ap,Arbetsplenum,2026-05-27 09:00:00,kam-ap,2025/26,,planerat,1899-01-01,"
				Riksdagen debatterar utskottens förslag. 
				
				",,Debatt om förslag
HDC120260527vo,Votering,2026-05-27 16:00:00,kam-vo,2025/26,,planerat,1899-01-01,"
				Riksdagen beslutar om ärenden. 
				
				",,Beslut
HDA3TU202605280900,Trafikutskottets sammanträde,2026-05-28 09:00:00,utskottsmöte,2025/26,,planerat,2025-10-23 16:09:39,<h2>Planerat sammanträde</h2><p>Datum och tid: Torsdag 2026-05-28 kl. 09:00<br />Plats: Förstakammarsal</p>,,Utskottens kallelser och föredragningslistor
HDA3UU202605280900,Utrikesutskottets sammanträde,2026-05-28 09:00:00,utskottsmöte,2025/26,,planerat,2026-01-07 15:19:47,<h2>Planerat sammanträde</h2><p>Datum och tid: Torsdag 2026-05-28 kl. 09:00<br />Plats: RÖ5-30</p>,,Utskottens kallelser och föredragningslistor
HDA3KU202605280900,Konstitutionsutskottets sammanträde,2026-05-28 09:00:00,utskottsmöte,2025/26,,planerat,2025-12-16 13:52:14,<h2>Planerat sammanträde</h2><p>Datum och tid: Torsdag 2026-05-28 kl. 09:00<br />Plats: RÖ7-08</p>,,Utskottens kallelser och föredragningslistor
HDA3CU202605280930,Civilutskottets sammanträde,2026-05-28 09:30:00,utskottsmöte,2025/26,,planerat,2026-01-08 10:21:39,<h2>Planerat sammanträde</h2><p>Datum och tid: Torsdag 2026-05-28 kl. 09:30<br />Plats: RÖ7-41</p>,,Utskottens kallelser och föredragningslistor
HDA3KrU202605280930,Kulturutskottets sammanträde,2026-05-28 09:30:00,utskottsmöte,2025/26,,planerat,2025-12-16 15:38:26,<h2>Planerat sammanträde</h2><p>Datum och tid: Torsdag 2026-05-28 kl. 09:30<br />Plats: RÖ7-35</p>,,Utskottens kallelser och föredragningslistor
HDA3UbU202605281000,Utbildningsutskottets sammanträde,2026-05-28 10:00:00,utskottsmöte,2025/26,,planerat,2025-11-17 11:00:41,<h2>Planerat sammanträde</h2><p>Datum och tid: Torsdag 2026-05-28 kl. 10:00<br />Plats: RÖ4-30</p>,,Utskottens kallelser och föredragningslistor
HDA3MJU202605281000,Miljö- och jordbruksutskottets sammanträde,2026-05-28 10:00:00,utskottsmöte,2025/26,,planerat,2026-01-21 15:00:04,<h2>Planerat sammanträde</h2><p>Datum och tid: Torsdag 2026-05-28 kl. 10:00<br />Plats: RÖ7-26</p>,,Utskottens kallelser och föredragningslistor
HDA3SfU202605281000,Socialförsäkringsutskottets sammanträde,2026-05-28 10:00:00,utskottsmöte,2025/26,,planerat,2025-12-19 16:38:23,<h2>Planerat sammanträde</h2><p>Datum och tid: Torsdag 2026-05-28 kl. 10:00<br />Plats: RÖ4-43</p>,,Utskottens kallelser och föredragningslistor
HDA3JuU202605281000,Justitieutskottets sammanträde,2026-05-28 10:00:00,utskottsmöte,2025/26,,planerat,2025-12-10 09:41:58,<h2>Planerat sammanträde</h2><p>Datum och tid: Torsdag 2026-05-28 kl. 10:00<br />Plats: RÖ7-44</p>,,Utskottens kallelser och föredragningslistor
HDA3NU202605281000,Näringsutskottets sammanträde,2026-05-28 10:00:00,utskottsmöte,2025/26,,planerat,2025-12-16 14:49:26,<h2>Planerat sammanträde</h2><p>Datum och tid: Torsdag 2026-05-28 kl. 10:00<br />Plats: RÖ4-27</p>,,Utskottens kallelser och föredragningslistor
HDA3FöU202605281000,Försvarsutskottets sammanträde,2026-05-28 10:00:00,utskottsmöte,2025/26,,planerat,2025-12-18 09:53:21,<h2>Planerat sammanträde</h2><p>Datum och tid: Torsdag 2026-05-28 kl. 10:00<br />Plats: RÖ5-32</p>,,Utskottens kallelser och föredragningslistor
HDA3SkU202605281000,Skatteutskottets sammanträde,2026-05-28 10:00:00,utskottsmöte,2025/26,,planerat,2025-06-16 11:14:07,<h2>Planerat sammanträde</h2><p>Datum och tid: Torsdag 2026-05-28 kl. 10:00<br />Plats: RÖ4-09</p>,,Utskottens kallelser och föredragningslistor
HDA3SoU202605281000,Socialutskottets sammanträde,2026-05-28 10:00:00,utskottsmöte,2025/26,,planerat,2025-05-22 13:38:12,<h2>Planerat sammanträde</h2><p>Datum och tid: Torsdag 2026-05-28 kl. 10:00<br />Plats: RÖ4-50</p>,,Utskottens kallelser och föredragningslistor
HDA3FiU202605281030,Finansutskottets sammanträde,2026-05-28 10:30:00,utskottsmöte,2025/26,,planerat,2025-10-23 10:58:19,<h2>Planerat sammanträde</h2><p>Datum och tid: Torsdag 2026-05-28 kl. 10:30<br />Plats: RÖ5-10</p>,,Utskottens kallelser och föredragningslistor
HDC120260528ap,Arbetsplenum,2026-05-28 12:00:00,kam-ap,2025/26,,planerat,1899-01-01,"
				Riksdagen debatterar utskottens förslag. 
				
				",,Debatt om förslag
HDC120260528fs,Frågestund,2026-05-28 14:00:00,kam-fs,2025/26,,planerat,1899-01-01,<p>Vid frågestunden svarar ministrarna i regeringen på frågor från riksdagsledamöterna direkt i kammaren.</p><p> Frågor besvaras av:&nbsp;</p><ul><li>Civilminister Erik Slottner (KD)</li><li>Finansminister Elisabeth Svantesson (M)</li><li>Socialtjänstminister Camilla Waltersson Grönvall (M)</li><li>Kulturminister Parisa Liljestrand (M)</li></ul><p>Civilminister Erik Slottner (KD) besvarar såväl allmänpolitiska frågor som frågor inom sitt eget ansvarsområde.</p><p>Listan över ministrar som deltar är preliminär.</p>,,Frågestund
HDC120260528vo,Votering,2026-05-28 15:20:00,kam-vo,2025/26,,planerat,1899-01-01,"
				Riksdagen beslutar om ärenden. 
				
				",,Beslut
HDC220260529ss1,Natos parlamentariska församlings vårsession i Vilnius,2026-05-29 06:00:00,sam-ss,2025/26,,,2026-01-23 15:28:59,"<p>Den 29 maj-1 juni deltar en delegation från riksdagen på Natos parlamentariska församling i Vilnius.</p>
<p><a href=""https://www.riksdagen.se/sv/ledamoter-och-partier/ledamoterna/?rdorg=nato"">Riksdagens delegation till Natos parlamentariska församling</a></p>",,Session
HDC120260529ip,Interpellationssvar,2026-05-29 09:00:00,kam-ip,2025/26,,planerat,1899-01-01,"
				Ministrarna svarar på frågor som ledamöterna har ställt i sina interpellationer. Efter varje svar blir det debatt. Alla ledamöter som vill får delta i debatterna.
				",,Interpellationsdebatt
HDA3EUN202605290900,EU-nämndens sammanträde,2026-05-29 09:00:00,utskottsmöte,2025/26,,planerat,2025-10-16 16:49:49,<h2>Planerat sammanträde</h2><p>Datum och tid: Fredag 2026-05-29 kl. 09:00<br />Plats: Skandiasalen (N3) Obs! Entré från Mynttorget 1</p><p>​Information och samråd inför möte i rådet (rättsliga och inrikes frågor) den 4–5 juni 2026.<br/></p>,,Utskottens kallelser och föredragningslistor
HDC220260529ss1,Natos parlamentariska församlings vårsession i Vilnius,2026-05-30 06:00:00,sam-ss,2025/26,,,2026-01-23 15:28:59,"<p>Den 29 maj-1 juni deltar en delegation från riksdagen på Natos parlamentariska församling i Vilnius.</p>
<p><a href=""https://www.riksdagen.se/sv/ledamoter-och-partier/ledamoterna/?rdorg=nato"">Riksdagens delegation till Natos parlamentariska församling</a></p>",,Session
HDC120260530ap,Arbetsplenum,2026-05-30 10:00:00,kam-ap,2025/26,,planerat,1899-01-01,"
				Riksdagen debatterar utskottens förslag. 
				
				",,Debatt om förslag
HDC220260529ss1,Natos parlamentariska församlings vårsession i Vilnius,2026-05-31 06:00:00,sam-ss,2025/26,,,2026-01-23 15:28:59,"<p>Den 29 maj-1 juni deltar en delegation från riksdagen på Natos parlamentariska församling i Vilnius.</p>
<p><a href=""https://www.riksdagen.se/sv/ledamoter-och-partier/ledamoterna/?rdorg=nato"">Riksdagens delegation till Natos parlamentariska församling</a></p>",,Session
HDC220260529ss1,Natos parlamentariska församlings vårsession i Vilnius,2026-06-01 06:00:00,sam-ss,2025/26,,,2026-01-23 15:28:59,"<p>Den 29 maj-1 juni deltar en delegation från riksdagen på Natos parlamentariska församling i Vilnius.</p>
<p><a href=""https://www.riksdagen.se/sv/ledamoter-och-partier/ledamoterna/?rdorg=nato"">Riksdagens delegation till Natos parlamentariska församling</a></p>",,Session
HDC120260601ap,Arbetsplenum,2026-06-01 10:00:00,kam-ap,2025/26,,planerat,1899-01-01,"
				Riksdagen debatterar utskottens förslag. 
				
				",,Debatt om förslag
HDA3UbU202606021100,Utbildningsutskottets sammanträde,2026-06-02 11:00:00,utskottsmöte,2025/26,,planerat,2025-11-17 11:00:57,<h2>Planerat sammanträde</h2><p>Datum och tid: Tisdag 2026-06-02 kl. 11:00<br />Plats: RÖ4-30</p>,,Utskottens kallelser och föredragningslistor
HDA3UU202606021100,Utrikesutskottets sammanträde,2026-06-02 11:00:00,utskottsmöte,2025/26,,planerat,2026-01-07 15:24:07,<h2>Planerat sammanträde</h2><p>Datum och tid: Tisdag 2026-06-02 kl. 11:00<br />Plats: RÖ2-08</p>,,Utskottens kallelser och föredragningslistor
HDA3MJU202606021100,Miljö- och jordbruksutskottets sammanträde,2026-06-02 11:00:00,utskottsmöte,2025/26,,planerat,2026-01-21 15:00:19,<h2>Planerat sammanträde</h2><p>Datum och tid: Tisdag 2026-06-02 kl. 11:00<br />Plats: RÖ7-26</p>,,Utskottens kallelser och föredragningslistor
HDA3AU202606021100,Arbetsmarknadsutskottets sammanträde,2026-06-02 11:00:00,utskottsmöte,2025/26,,planerat,2026-01-13 17:21:37,<h2>Planerat sammanträde</h2><p>Datum och tid: Tisdag 2026-06-02 kl. 11:00<br />Plats: RÖ5-38</p>,,Utskottens kallelser och föredragningslistor
HDA3TU202606021100,Trafikutskottets sammanträde,2026-06-02 11:00:00,utskottsmöte,2025/26,,planerat,2025-10-23 16:09:53,<h2>Planerat sammanträde</h2><p>Datum och tid: Tisdag 2026-06-02 kl. 11:00<br />Plats: RÖ7-23</p>,,Utskottens kallelser och föredragningslistor
HDA3SfU202606021100,Socialförsäkringsutskottets sammanträde,2026-06-02 11:00:00,utskottsmöte,2025/26,,planerat,2025-12-19 16:51:35,<h2>Planerat sammanträde</h2><p>Datum och tid: Tisdag 2026-06-02 kl. 11:00<br />Plats: RÖ4-43</p>,,Utskottens kallelser och föredragningslistor
HDA3JuU202606021100,Justitieutskottets sammanträde,2026-06-02 11:00:00,utskottsmöte,2025/26,,planerat,2025-12-10 09:42:15,<h2>Planerat sammanträde</h2><p>Datum och tid: Tisdag 2026-06-02 kl. 11:00<br />Plats: RÖ7-44</p>,,Utskottens kallelser och föredragningslistor
HDA3KU202606021100,Konstitutionsutskottets sammanträde,2026-06-02 11:00:00,utskottsmöte,2025/26,,planerat,2025-12-16 13:52:31,<h2>Planerat sammanträde</h2><p>Datum och tid: Tisdag 2026-06-02 kl. 11:00<br />Plats: RÖ7-08</p>,,Utskottens kallelser och föredragningslistor
HDA3FöU202606021100,Försvarsutskottets sammanträde,2026-06-02 11:00:00,utskottsmöte,2025/26,,planerat,2025-12-18 09:53:57,<h2>Planerat sammanträde</h2><p>Datum och tid: Tisdag 2026-06-02 kl. 11:00<br />Plats: RÖ5-32</p>,,Utskottens kallelser och föredragningslistor
HDA3NU202606021100,Näringsutskottets sammanträde,2026-06-02 11:00:00,utskottsmöte,2025/26,,planerat,2025-12-16 14:49:43,<h2>Planerat sammanträde</h2><p>Datum och tid: Tisdag 2026-06-02 kl. 11:00<br />Plats: RÖ4-27</p>,,Utskottens kallelser och föredragningslistor
HDA3KrU202606021100,Kulturutskottets sammanträde,2026-06-02 11:00:00,utskottsmöte,2025/26,,planerat,2025-12-16 15:38:52,<h2>Planerat sammanträde</h2><p>Datum och tid: Tisdag 2026-06-02 kl. 11:00<br />Plats: RÖ7-35</p>,,Utskottens kallelser och föredragningslistor
HDA3FiU202606021100,Finansutskottets sammanträde,2026-06-02 11:00:00,utskottsmöte,2025/26,,planerat,2025-10-23 10:58:31,<h2>Planerat sammanträde</h2><p>Datum och tid: Tisdag 2026-06-02 kl. 11:00<br />Plats: RÖ5-10</p>,,Utskottens kallelser och föredragningslistor
HDA3SkU202606021100,Skatteutskottets sammanträde,2026-06-02 11:00:00,utskottsmöte,2025/26,,planerat,2025-06-16 11:14:27,<h2>Planerat sammanträde</h2><p>Datum och tid: Tisdag 2026-06-02 kl. 11:00<br />Plats: RÖ4-09</p>,,Utskottens kallelser och föredragningslistor
HDA3SoU202606021100,Socialutskottets sammanträde,2026-06-02 11:00:00,utskottsmöte,2025/26,,planerat,2025-05-22 13:38:45,<h2>Planerat sammanträde</h2><p>Datum och tid: Tisdag 2026-06-02 kl. 11:00<br />Plats: RÖ4-50</p>,,Utskottens kallelser och föredragningslistor
HDC120260602ip,Interpellationssvar,2026-06-02 13:00:00,kam-ip,2025/26,,planerat,1899-01-01,"
				Ministrarna svarar på frågor som ledamöterna har ställt i sina interpellationer. Efter varje svar blir det debatt. Alla ledamöter som vill får delta i debatterna.
				",,Interpellationsdebatt
HDC420260603zz1,"Invigning av utställningen Demokratin behöver dig! Eneby bibliotek, Norrköping",2026-06-03,kal-zz,2025/26,,,2026-01-23 14:29:53,"<p class=""preamble"">Demokratin behöver dig! Det är namnet på den utställning från riksdagen som turnerar runt om i Sverige under 2025 och 2026. Utställningen berättar både om folkstyrets historia och riksdagens arbete samt om hur alla människor kan delta, för att vårda, värna och bevara demokratin.</p>
<p>Demokrati visar sig inte bara på valdagen. Den är med oss hela tiden i vardagen. Det är en ung styrelseform och i stora delar av världen är den ovanlig. Demokratin kan vara sårbar men också stark om vi väljer att delta i den.</p>
<p>Riksdagens utställning Demokratin behöver dig! visar på samspelet mellan folket och de folkvalda.</p>
<p>Utställningen kan besökas på Eneby bibliotek i Norrköping från och med 3 juni till och med 29 juni 2026.</p>
<p><a href=""https://www.gotabiblioteken.se/eneby-bibliotek#/"">Eneby biblioteks webbplats</a></p>
<p>Läs mer om utställningen på riksdagens webbplats: <a href=""https://www.riksdagen.se/sv/kontakt-och-besok/besok-riksdagen/besok-riksdagen-i-ditt-lan/"">Besök riksdagen i ditt län</a></p>",,Övrig händelse
HDC120260603ap,Arbetsplenum,2026-06-03 09:00:00,kam-ap,2025/26,,planerat,1899-01-01,"
				Riksdagen debatterar utskottens förslag. 
				
				",,Debatt om förslag
HDC120260603vo,Votering,2026-06-03 16:00:00,kam-vo,2025/26,,planerat,1899-01-01,"
				Riksdagen beslutar om ärenden. 
				
				",,Beslut
HDA3KU202606040900,Konstitutionsutskottets sammanträde,2026-06-04 09:00:00,utskottsmöte,2025/26,,planerat,2025-12-16 13:52:41,<h2>Planerat sammanträde</h2><p>Datum och tid: Torsdag 2026-06-04 kl. 09:00<br />Plats: RÖ7-08</p>,,Utskottens kallelser och föredragningslistor
HDA3UU202606040930,Utrikesutskottets sammanträde,2026-06-04 09:30:00,utskottsmöte,2025/26,,planerat,2026-01-07 15:21:34,<h2>Planerat sammanträde</h2><p>Datum och tid: Torsdag 2026-06-04 kl. 09:30<br />Plats: RÖ5-30</p>,,Utskottens kallelser och föredragningslistor
HDA3CU202606040930,Civilutskottets sammanträde,2026-06-04 09:30:00,utskottsmöte,2025/26,,planerat,2026-01-08 10:21:53,<h2>Planerat sammanträde</h2><p>Datum och tid: Torsdag 2026-06-04 kl. 09:30<br />Plats: RÖ7-41</p>,,Utskottens kallelser och föredragningslistor
HDA3KrU202606040930,Kulturutskottets sammanträde,2026-06-04 09:30:00,utskottsmöte,2025/26,,planerat,2025-12-16 15:39:25,<h2>Planerat sammanträde</h2><p>Datum och tid: Torsdag 2026-06-04 kl. 09:30<br />Plats: RÖ7-35</p>,,Utskottens kallelser och föredragningslistor
HDA3UbU202606041000,Utbildningsutskottets sammanträde,2026-06-04 10:00:00,utskottsmöte,2025/26,,planerat,2025-11-17 11:01:08,<h2>Planerat sammanträde</h2><p>Datum och tid: Torsdag 2026-06-04 kl. 10:00<br />Plats: RÖ4-30</p>,,Utskottens kallelser och föredragningslistor
HDA3TU202606041000,Trafikutskottets sammanträde,2026-06-04 10:00:00,utskottsmöte,2025/26,,planerat,2025-10-23 16:10:00,<h2>Planerat sammanträde</h2><p>Datum och tid: Torsdag 2026-06-04 kl. 10:00<br />Plats: RÖ7-23</p>,,Utskottens kallelser och föredragningslistor
HDA3MJU202606041000,Miljö- och jordbruksutskottets sammanträde,2026-06-04 10:00:00,utskottsmöte,2025/26,,planerat,2026-01-21 15:00:36,<h2>Planerat sammanträde</h2><p>Datum och tid: Torsdag 2026-06-04 kl. 10:00<br />Plats: RÖ7-26</p>,,Utskottens kallelser och föredragningslistor
HDA3AU202606041000,Arbetsmarknadsutskottets sammanträde,2026-06-04 10:00:00,utskottsmöte,2025/26,,planerat,2026-01-13 17:21:51,<h2>Planerat sammanträde</h2><p>Datum och tid: Torsdag 2026-06-04 kl. 10:00<br />Plats: RÖ5-38</p>,,Utskottens kallelser och föredragningslistor
HDA3SfU202606041000,Socialförsäkringsutskottets sammanträde,2026-06-04 10:00:00,utskottsmöte,2025/26,,planerat,2025-12-19 16:52:10,<h2>Planerat sammanträde</h2><p>Datum och tid: Torsdag 2026-06-04 kl. 10:00<br />Plats: RÖ4-43</p>,,Utskottens kallelser och föredragningslistor
HDA3JuU202606041000,Justitieutskottets sammanträde,2026-06-04 10:00:00,utskottsmöte,2025/26,,planerat,2025-12-10 09:42:21,<h2>Planerat sammanträde</h2><p>Datum och tid: Torsdag 2026-06-04 kl. 10:00<br />Plats: RÖ7-44</p>,,Utskottens kallelser och föredragningslistor
HDA3FöU202606041000,Försvarsutskottets sammanträde,2026-06-04 10:00:00,utskottsmöte,2025/26,,planerat,2025-12-18 09:54:14,<h2>Planerat sammanträde</h2><p>Datum och tid: Torsdag 2026-06-04 kl. 10:00<br />Plats: RÖ5-32</p>,,Utskottens kallelser och föredragningslistor
HDA3NU202606041000,Näringsutskottets sammanträde,2026-06-04 10:00:00,utskottsmöte,2025/26,,planerat,2025-12-16 14:49:50,<h2>Planerat sammanträde</h2><p>Datum och tid: Torsdag 2026-06-04 kl. 10:00<br />Plats: RÖ4-27</p>,,Utskottens kallelser och föredragningslistor
HDA3SkU202606041000,Skatteutskottets sammanträde,2026-06-04 10:00:00,utskottsmöte,2025/26,,planerat,2025-06-16 11:14:36,<h2>Planerat sammanträde</h2><p>Datum och tid: Torsdag 2026-06-04 kl. 10:00<br />Plats: RÖ4-09</p>,,Utskottens kallelser och föredragningslistor
HDA3SoU202606041000,Socialutskottets sammanträde,2026-06-04 10:00:00,utskottsmöte,2025/26,,planerat,2025-05-22 13:38:53,<h2>Planerat sammanträde</h2><p>Datum och tid: Torsdag 2026-06-04 kl. 10:00<br />Plats: RÖ4-50</p>,,Utskottens kallelser och föredragningslistor
HDA3FiU202606041030,Finansutskottets sammanträde,2026-06-04 10:30:00,utskottsmöte,2025/26,,planerat,2025-10-23 10:58:43,<h2>Planerat sammanträde</h2><p>Datum och tid: Torsdag 2026-06-04 kl. 10:30<br />Plats: RÖ5-10</p>,,Utskottens kallelser och föredragningslistor
HDC120260604ap,Arbetsplenum,2026-06-04 12:00:00,kam-ap,2025/26,,planerat,1899-01-01,"
				Riksdagen debatterar utskottens förslag. 
				
				",,Debatt om förslag
HDC120260604fs,Frågestund,2026-06-04 14:00:00,kam-fs,2025/26,,planerat,1899-01-01,<p>Vid frågestunden svarar ministrarna i regeringen på frågor från riksdagsledamöterna direkt i kammaren.</p><p> Frågor besvaras av:&nbsp;</p><ul><li>Utrikesminister Maria Malmer Stenergard (M)</li><li>Försvarsminister Pål Jonson (M)</li><li>Socialminister Jakob Forssmed (KD)</li><li>Arbetsmarknadsminister och vikarierande klimat- och miljöminister Johan Britz (L)</li></ul><p>Utrikesminister Maria Malmer Stenergard (M) besvarar såväl allmänpolitiska frågor som frågor inom sitt eget ansvarsområde.</p><p>Listan över ministrar som deltar är preliminär.</p>,,Frågestund
HDC120260604vo,Votering,2026-06-04 15:20:00,kam-vo,2025/26,,planerat,1899-01-01,"
				Riksdagen beslutar om ärenden. 
				
				",,Beslut
HDA3EUN202606050900,EU-nämndens sammanträde,2026-06-05 09:00:00,utskottsmöte,2025/26,,planerat,2025-10-16 16:51:29,"<h2>Planerat sammanträde</h2><p>Datum och tid: Fredag 2026-06-05 kl. 09:00<br />Plats: Skandiasalen (N3) Obs! Entré från Mynttorget 1</p><p>Information och samråd inför möte i rådet (transport, telekommunikation och energi) den 8–9 juni 2026.​<br/></p>",,Utskottens kallelser och föredragningslistor
HDC120260605ip,Interpellationssvar,2026-06-05 09:00:00,kam-ip,2025/26,,planerat,1899-01-01,"
				Ministrarna svarar på frågor som ledamöterna har ställt i sina interpellationer. Efter varje svar blir det debatt. Alla ledamöter som vill får delta i debatterna.
				",,Interpellationsdebatt
HDC120260608ap,Arbetsplenum,2026-06-08 10:00:00,kam-ap,2025/26,,planerat,1899-01-01,"
				Riksdagen debatterar utskottens förslag. 
				
				",,Debatt om förslag
HDC120260609ap,Arbetsplenum,2026-06-09 09:00:00,kam-ap,2025/26,,planerat,1899-01-01,"
				Riksdagen debatterar utskottens förslag. 
				
				",,Debatt om förslag
HDA3UbU202606091100,Utbildningsutskottets sammanträde,2026-06-09 11:00:00,utskottsmöte,2025/26,,planerat,2025-11-17 11:01:22,<h2>Planerat sammanträde</h2><p>Datum och tid: Tisdag 2026-06-09 kl. 11:00<br />Plats: RÖ4-30</p>,,Utskottens kallelser och föredragningslistor
HDA3TU202606091100,Trafikutskottets sammanträde,2026-06-09 11:00:00,utskottsmöte,2025/26,,planerat,2025-10-23 16:10:11,<h2>Planerat sammanträde</h2><p>Datum och tid: Tisdag 2026-06-09 kl. 11:00<br />Plats: RÖ7-23</p>,,Utskottens kallelser och föredragningslistor
HDA3UU202606091100,Utrikesutskottets sammanträde,2026-06-09 11:00:00,utskottsmöte,2025/26,,planerat,2026-01-07 15:22:17,<h2>Planerat sammanträde</h2><p>Datum och tid: Tisdag 2026-06-09 kl. 11:00<br />Plats: RÖ2-08</p>,,Utskottens kallelser och föredragningslistor
HDA3MJU202606091100,Miljö- och jordbruksutskottets sammanträde,2026-06-09 11:00:00,utskottsmöte,2025/26,,planerat,2026-01-21 15:01:02,<h2>Planerat sammanträde</h2><p>Datum och tid: Tisdag 2026-06-09 kl. 11:00<br />Plats: RÖ7-26</p>,,Utskottens kallelser och föredragningslistor
HDA3AU202606091100,Arbetsmarknadsutskottets sammanträde,2026-06-09 11:00:00,utskottsmöte,2025/26,,planerat,2026-01-13 17:21:45,<h2>Planerat sammanträde</h2><p>Datum och tid: Tisdag 2026-06-09 kl. 11:00<br />Plats: RÖ5-38</p>,,Utskottens kallelser och föredragningslistor
HDA3SfU202606091100,Socialförsäkringsutskottets sammanträde,2026-06-09 11:00:00,utskottsmöte,2025/26,,planerat,2025-12-19 16:52:29,<h2>Planerat sammanträde</h2><p>Datum och tid: Tisdag 2026-06-09 kl. 11:00<br />Plats: RÖ4-43</p>,,Utskottens kallelser och föredragningslistor
HDA3JuU202606091100,Justitieutskottets sammanträde,2026-06-09 11:00:00,utskottsmöte,2025/26,,planerat,2025-12-10 09:42:35,<h2>Planerat sammanträde</h2><p>Datum och tid: Tisdag 2026-06-09 kl. 11:00<br />Plats: RÖ7-44</p>,,Utskottens kallelser och föredragningslistor
HDA3KU202606091100,Konstitutionsutskottets sammanträde,2026-06-09 11:00:00,utskottsmöte,2025/26,,planerat,2025-12-16 13:52:54,<h2>Planerat sammanträde</h2><p>Datum och tid: Tisdag 2026-06-09 kl. 11:00<br />Plats: RÖ7-08</p>,,Utskottens kallelser och föredragningslistor
HDA3FöU202606091100,Försvarsutskottets sammanträde,2026-06-09 11:00:00,utskottsmöte,2025/26,,planerat,2025-12-18 09:54:27,<h2>Planerat sammanträde</h2><p>Datum och tid: Tisdag 2026-06-09 kl. 11:00<br />Plats: RÖ5-32</p>,,Utskottens kallelser och föredragningslistor
HDA3NU202606091100,Näringsutskottets sammanträde,2026-06-09 11:00:00,utskottsmöte,2025/26,,planerat,2025-12-16 14:49:57,<h2>Planerat sammanträde</h2><p>Datum och tid: Tisdag 2026-06-09 kl. 11:00<br />Plats: RÖ4-27</p>,,Utskottens kallelser och föredragningslistor
HDA3KrU202606091100,Kulturutskottets sammanträde,2026-06-09 11:00:00,utskottsmöte,2025/26,,planerat,2025-12-16 15:39:37,<h2>Planerat sammanträde</h2><p>Datum och tid: Tisdag 2026-06-09 kl. 11:00<br />Plats: RÖ7-35</p>,,Utskottens kallelser och föredragningslistor
HDA3FiU202606091100,Finansutskottets sammanträde,2026-06-09 11:00:00,utskottsmöte,2025/26,,planerat,2025-10-23 10:58:51,<h2>Planerat sammanträde</h2><p>Datum och tid: Tisdag 2026-06-09 kl. 11:00<br />Plats: RÖ5-10</p>,,Utskottens kallelser och föredragningslistor
HDA3SkU202606091100,Skatteutskottets sammanträde,2026-06-09 11:00:00,utskottsmöte,2025/26,,planerat,2025-06-16 11:14:57,<h2>Planerat sammanträde</h2><p>Datum och tid: Tisdag 2026-06-09 kl. 11:00<br />Plats: RÖ4-09</p>,,Utskottens kallelser och föredragningslistor
HDA3SoU202606091100,Socialutskottets sammanträde,2026-06-09 11:00:00,utskottsmöte,2025/26,,planerat,2025-05-22 13:39:00,<h2>Planerat sammanträde</h2><p>Datum och tid: Tisdag 2026-06-09 kl. 11:00<br />Plats: RÖ4-50</p>,,Utskottens kallelser och föredragningslistor
HDC120260609vo,Votering,2026-06-09 15:30:00,kam-vo,2025/26,,planerat,1899-01-01,"
				Riksdagen beslutar om ärenden. 
				
				",,Beslut
HDA3EUN202606100800,EU-nämndens sammanträde,2026-06-10 08:00:00,utskottsmöte,2025/26,,planerat,2025-10-16 16:52:29,<h2>Planerat sammanträde</h2><p>Datum och tid: Onsdag 2026-06-10 kl. 08:00<br />Plats: Skandiasalen (N3) Obs! Entré från Mynttorget 1</p><p>​Information och samråd inför dels möte i rådet (ekonomiska och finansiella frågor) den 12 juni 2026.<br/></p>,,Utskottens kallelser och föredragningslistor
HDC120260610pd1tt,Partiledardebatt – teckenspråkstolkad,2026-06-10 09:00:00,kam-pd,2025/26,,,2026-01-13 15:18:04,"<p>I partiledardebatten får partiledarna för alla riksdagspartier argumentera för den politik de vill föra. </p>
<p><strong>Tid: </strong>Klockan 9<br /><strong>Plats:</strong> Kammaren, Riksgatan 3 </p>
<p><a href=""https://www.riksdagen.se/sv/kontakt-och-besok/besok-riksdagen/hitta-till-riksdagen/"">Hitta till riksdagen</a></p>
<p>Partiledardebatten är öppen för allmänheten och media och tolkas till teckenspråk och engelska. Debatten sänds via webb-tv och går att se både direkt och i efterhand.</p>",,Partiledardebatt
HDC120260610pd2en,Debate between party leaders,2026-06-10 09:00:00,kam-pd,2025/26,,,2026-01-13 15:24:08,"<p>During debates between party leaders, the leaders of all the parties represented in the Riksdag can argue in favour of the policies they wish to pursue.</p>
<p>The debate is interpreted into sign language and English and broadcast via the Riksdag webcast service. It can be viewed live and on-demand.</p>
<h2>About interpretation</h2>
<p>A simultaneous interpretation of the debate is provided in English. The simultaneous interpretation is not an authorised translation. In the case of differences between the interpretation and what originally was said by each of the speakers in the debate, please check against the delivery of the original speaker.</p>",,Partiledardebatt
HDC120260610pd,Partiledardebatt,2026-06-10 09:00:00,kam-pd,2025/26,,planerat,1899-01-01,"<p>I partiledardebatten får partiledarna för alla riksdagspartier argumentera för den politik de vill föra. </p>
<p><strong>Tid: </strong>Klockan 9<br /><strong>Plats:</strong> Kammaren, Riksgatan 3 </p>
<p><a href=""https://www.riksdagen.se/sv/kontakt-och-besok/besok-riksdagen/hitta-till-riksdagen/"">Hitta till riksdagen</a></p>
<p>Partiledardebatten är öppen för allmänheten och media och tolkas till teckenspråk och engelska. Debatten sänds via webb-tv och går att se både direkt och i efterhand.</p>",,Partiledardebatt
HDC120260610ap,Arbetsplenum,2026-06-10 09:00:00,kam-ap,2025/26,,planerat,1899-01-01,"
				Riksdagen debatterar utskottens förslag. 
				
				",,Debatt om förslag
HDC120260610vo,Votering,2026-06-10 16:00:00,kam-vo,2025/26,,planerat,1899-01-01,"
				Riksdagen beslutar om ärenden. 
				
				",,Beslut
HDA3KU202606110900,Konstitutionsutskottets sammanträde,2026-06-11 09:00:00,utskottsmöte,2025/26,,planerat,2025-12-16 13:53:04,<h2>Planerat sammanträde</h2><p>Datum och tid: Torsdag 2026-06-11 kl. 09:00<br />Plats: RÖ7-08</p>,,Utskottens kallelser och föredragningslistor
HDA3UU202606110930,Utrikesutskottets sammanträde,2026-06-11 09:30:00,utskottsmöte,2025/26,,planerat,2026-01-07 15:26:05,<h2>Planerat sammanträde</h2><p>Datum och tid: Torsdag 2026-06-11 kl. 09:30<br />Plats: RÖ5-30</p>,,Utskottens kallelser och föredragningslistor
HDA3KrU202606110930,Kulturutskottets sammanträde,2026-06-11 09:30:00,utskottsmöte,2025/26,,planerat,2025-12-16 15:39:58,<h2>Planerat sammanträde</h2><p>Datum och tid: Torsdag 2026-06-11 kl. 09:30<br />Plats: RÖ7-35</p>,,Utskottens kallelser och föredragningslistor
HDA3UbU202606111000,Utbildningsutskottets sammanträde,2026-06-11 10:00:00,utskottsmöte,2025/26,,planerat,2025-11-17 11:01:38,<h2>Planerat sammanträde</h2><p>Datum och tid: Torsdag 2026-06-11 kl. 10:00<br />Plats: RÖ4-30</p>,,Utskottens kallelser och föredragningslistor
HDA3TU202606111000,Trafikutskottets sammanträde,2026-06-11 10:00:00,utskottsmöte,2025/26,,planerat,2025-10-23 16:13:12,<h2>Planerat sammanträde</h2><p>Datum och tid: Torsdag 2026-06-11 kl. 10:00<br />Plats: RÖ7-23</p>,,Utskottens kallelser och föredragningslistor
HDA3MJU202606111000,Miljö- och jordbruksutskottets sammanträde,2026-06-11 10:00:00,utskottsmöte,2025/26,,planerat,2026-01-21 15:01:19,<h2>Planerat sammanträde</h2><p>Datum och tid: Torsdag 2026-06-11 kl. 10:00<br />Plats: RÖ7-26</p>,,Utskottens kallelser och föredragningslistor
HDA3AU202606111000,Arbetsmarknadsutskottets sammanträde,2026-06-11 10:00:00,utskottsmöte,2025/26,,planerat,2026-01-13 17:21:59,<h2>Planerat sammanträde</h2><p>Datum och tid: Torsdag 2026-06-11 kl. 10:00<br />Plats: RÖ5-38</p>,,Utskottens kallelser och föredragningslistor
HDA3SfU202606111000,Socialförsäkringsutskottets sammanträde,2026-06-11 10:00:00,utskottsmöte,2025/26,,planerat,2025-12-19 16:52:53,<h2>Planerat sammanträde</h2><p>Datum och tid: Torsdag 2026-06-11 kl. 10:00<br />Plats: RÖ4-43</p>,,Utskottens kallelser och föredragningslistor
HDA3JuU202606111000,Justitieutskottets sammanträde,2026-06-11 10:00:00,utskottsmöte,2025/26,,planerat,2025-12-10 09:42:42,<h2>Planerat sammanträde</h2><p>Datum och tid: Torsdag 2026-06-11 kl. 10:00<br />Plats: RÖ7-44</p>,,Utskottens kallelser och föredragningslistor
HDA3FöU202606111000,Försvarsutskottets sammanträde,2026-06-11 10:00:00,utskottsmöte,2025/26,,planerat,2025-12-18 09:54:36,<h2>Planerat sammanträde</h2><p>Datum och tid: Torsdag 2026-06-11 kl. 10:00<br />Plats: RÖ5-32</p>,,Utskottens kallelser och föredragningslistor
HDA3NU202606111000,Näringsutskottets sammanträde,2026-06-11 10:00:00,utskottsmöte,2025/26,,planerat,2025-12-16 14:50:04,<h2>Planerat sammanträde</h2><p>Datum och tid: Torsdag 2026-06-11 kl. 10:00<br />Plats: RÖ4-27</p>,,Utskottens kallelser och föredragningslistor
HDA3SkU202606111000,Skatteutskottets sammanträde,2026-06-11 10:00:00,utskottsmöte,2025/26,,planerat,2025-06-16 11:15:05,<h2>Planerat sammanträde</h2><p>Datum och tid: Torsdag 2026-06-11 kl. 10:00<br />Plats: RÖ4-09</p>,,Utskottens kallelser och föredragningslistor
HDA3SoU202606111000,Socialutskottets sammanträde,2026-06-11 10:00:00,utskottsmöte,2025/26,,planerat,2025-05-22 13:39:08,<h2>Planerat sammanträde</h2><p>Datum och tid: Torsdag 2026-06-11 kl. 10:00<br />Plats: RÖ4-50</p>,,Utskottens kallelser och föredragningslistor
HDA3FiU202606111030,Finansutskottets sammanträde,2026-06-11 10:30:00,utskottsmöte,2025/26,,planerat,2025-10-23 10:59:02,<h2>Planerat sammanträde</h2><p>Datum och tid: Torsdag 2026-06-11 kl. 10:30<br />Plats: RÖ5-10</p>,,Utskottens kallelser och föredragningslistor
HDC120260611ap,Arbetsplenum,2026-06-11 12:00:00,kam-ap,2025/26,,planerat,1899-01-01,"
				Riksdagen debatterar utskottens förslag. 
				
				",,Debatt om förslag
HDC120260611fs,Frågestund,2026-06-11 14:00:00,kam-fs,2025/26,,planerat,1899-01-01,"<p>Vid frågestunden svarar ministrarna i regeringen på frågor från riksdagsledamöterna direkt i kammaren.</p><p> Frågor besvaras av:&nbsp;</p><ul><li>Landsbygdsminister Peter Kullgren (KD)</li><li>Gymnasie-, högskole- och forskningsminister Lotta Edholm (L)</li><li>Justitieminister Gunnar Strömmer (M)</li><li>Bistånds- och utrikeshandelsminister Benjamin Dousa (M)</li></ul><p>Landsbygdsminister Peter Kullgren (KD) besvarar såväl allmänpolitiska frågor som frågor inom sitt eget ansvarsområde.</p><p>Listan över ministrar som deltar är preliminär.</p>",,Frågestund
HDC120260611vo,Votering,2026-06-11 15:20:00,kam-vo,2025/26,,planerat,1899-01-01,"
				Riksdagen beslutar om ärenden. 
				
				",,Beslut
HDC120260612ip,Interpellationssvar,2026-06-12 09:00:00,kam-ip,2025/26,,planerat,1899-01-01,"
				Ministrarna svarar på frågor som ledamöterna har ställt i sina interpellationer. Efter varje svar blir det debatt. Alla ledamöter som vill får delta i debatterna.
				",,Interpellationsdebatt
HDA3EUN202606120900,EU-nämndens sammanträde,2026-06-12 09:00:00,utskottsmöte,2025/26,,planerat,2025-10-16 16:55:00,"<h2>Planerat sammanträde</h2><p>Datum och tid: Fredag 2026-06-12 kl. 09:00<br />Plats: Skandiasalen (N3) Obs! Entré från Mynttorget 1</p><p>​Information och samråd inför dels möte i rådet (utrikesfrågor) den 16 juni, dels möte i rådet (sysselsättning, socialpolitik, <span style=""text-decoration: underline;"">hälso- och sjukvård</span> samt konsumentfrågor) den 16 juni samt möte i rådet (allmänna frågor) den 16 juni 2026.&#160;<br/></p>",,Utskottens kallelser och föredragningslistor
HDC120260613ap,Arbetsplenum,2026-06-13 10:00:00,kam-ap,2025/26,,planerat,1899-01-01,"
				Riksdagen debatterar utskottens förslag. 
				
				",,Debatt om förslag
HDC120260615ap,Arbetsplenum,2026-06-15 10:00:00,kam-ap,2025/26,,planerat,1899-01-01,"
				Riksdagen debatterar utskottens förslag. 
				
				",,Debatt om förslag
HDC120260616ap,Arbetsplenum,2026-06-16 09:00:00,kam-ap,2025/26,,planerat,1899-01-01,"
				Riksdagen debatterar utskottens förslag. 
				
				",,Debatt om förslag
HDA3UbU202606161100,Utbildningsutskottets sammanträde,2026-06-16 11:00:00,utskottsmöte,2025/26,,planerat,2025-11-17 11:01:49,<h2>Planerat sammanträde</h2><p>Datum och tid: Tisdag 2026-06-16 kl. 11:00<br />Plats: RÖ4-30</p>,,Utskottens kallelser och föredragningslistor
HDA3TU202606161100,Trafikutskottets sammanträde,2026-06-16 11:00:00,utskottsmöte,2025/26,,planerat,2025-10-23 16:13:32,<h2>Planerat sammanträde</h2><p>Datum och tid: Tisdag 2026-06-16 kl. 11:00<br />Plats: RÖ7-23</p>,,Utskottens kallelser och föredragningslistor
HDA3MJU202606161100,Miljö- och jordbruksutskottets sammanträde,2026-06-16 11:00:00,utskottsmöte,2025/26,,planerat,2026-01-21 15:01:52,<h2>Planerat sammanträde</h2><p>Datum och tid: Tisdag 2026-06-16 kl. 11:00<br />Plats: RÖ7-26</p>,,Utskottens kallelser och föredragningslistor
HDA3SfU202606161100,Socialförsäkringsutskottets sammanträde,2026-06-16 11:00:00,utskottsmöte,2025/26,,planerat,2025-12-19 16:53:10,<h2>Planerat sammanträde</h2><p>Datum och tid: Tisdag 2026-06-16 kl. 11:00<br />Plats: RÖ4-43</p>,,Utskottens kallelser och föredragningslistor
HDA3JuU202606161100,Justitieutskottets sammanträde,2026-06-16 11:00:00,utskottsmöte,2025/26,,planerat,2025-12-10 09:42:58,<h2>Planerat sammanträde</h2><p>Datum och tid: Tisdag 2026-06-16 kl. 11:00<br />Plats: RÖ7-44</p>,,Utskottens kallelser och föredragningslistor
HDA3KU202606161100,Konstitutionsutskottets sammanträde,2026-06-16 11:00:00,utskottsmöte,2025/26,,planerat,2025-12-16 13:53:18,<h2>Planerat sammanträde</h2><p>Datum och tid: Tisdag 2026-06-16 kl. 11:00<br />Plats: RÖ7-08</p>,,Utskottens kallelser och föredragningslistor
HDA3FöU202606161100,Försvarsutskottets sammanträde,2026-06-16 11:00:00,utskottsmöte,2025/26,,planerat,2025-12-18 09:55:12,<h2>Planerat sammanträde</h2><p>Datum och tid: Tisdag 2026-06-16 kl. 11:00<br />Plats: RÖ5-32</p>,,Utskottens kallelser och föredragningslistor
HDA3NU202606161100,Näringsutskottets sammanträde,2026-06-16 11:00:00,utskottsmöte,2025/26,,planerat,2025-12-16 14:50:15,<h2>Planerat sammanträde</h2><p>Datum och tid: Tisdag 2026-06-16 kl. 11:00<br />Plats: RÖ4-27</p>,,Utskottens kallelser och föredragningslistor
HDA3KrU202606161100,Kulturutskottets sammanträde,2026-06-16 11:00:00,utskottsmöte,2025/26,,planerat,2025-12-16 15:40:10,<h2>Planerat sammanträde</h2><p>Datum och tid: Tisdag 2026-06-16 kl. 11:00<br />Plats: RÖ7-35</p>,,Utskottens kallelser och föredragningslistor
HDA3FiU202606161100,Finansutskottets sammanträde,2026-06-16 11:00:00,utskottsmöte,2025/26,,planerat,2025-10-23 10:59:26,<h2>Planerat sammanträde</h2><p>Datum och tid: Tisdag 2026-06-16 kl. 11:00<br />Plats: RÖ5-10</p>,,Utskottens kallelser och föredragningslistor
HDA3SkU202606161100,Skatteutskottets sammanträde,2026-06-16 11:00:00,utskottsmöte,2025/26,,planerat,2025-06-16 11:15:13,<h2>Planerat sammanträde</h2><p>Datum och tid: Tisdag 2026-06-16 kl. 11:00<br />Plats: RÖ4-09</p>,,Utskottens kallelser och föredragningslistor
HDA3SoU202606161100,Socialutskottets sammanträde,2026-06-16 11:00:00,utskottsmöte,2025/26,,planerat,2025-05-22 13:39:21,<h2>Planerat sammanträde</h2><p>Datum och tid: Tisdag 2026-06-16 kl. 11:00<br />Plats: RÖ4-50</p>,,Utskottens kallelser och föredragningslistor
HDC120260616vo,Votering,2026-06-16 15:30:00,kam-vo,2025/26,,planerat,1899-01-01,"
				Riksdagen beslutar om ärenden. 
				
				",,Beslut
HDA3EUN202606170900,EU-nämndens sammanträde,2026-06-17 09:00:00,utskottsmöte,2025/26,,planerat,2025-10-16 16:57:06,"<h2>Planerat sammanträde</h2><p>Datum och tid: Onsdag 2026-06-17 kl. 09:00<br />Plats: Skandiasalen (N3) Obs! Entré från Mynttorget 1</p><p>Information och samråd inför dels möte i rådet (jordbruk och fiske) den 22–23 juni, dels möte i rådet (miljö) den 25 juni samt möte i rådet (transport, telekommunikation och <span style=""text-decoration: underline;"">energi</span>) den 26 juni 2026.​<br/></p>",,Utskottens kallelser och föredragningslistor
HDC120260617ap,Arbetsplenum,2026-06-17 09:00:00,kam-ap,2025/26,,planerat,1899-01-01,"
				Riksdagen debatterar utskottens förslag. 
				
				",,Debatt om förslag
HDC120260617vo,Votering,2026-06-17 09:01:00,kam-vo,2025/26,,planerat,1899-01-01,"
				Riksdagen beslutar om ärenden. 
				
				",,Beslut
HDC120260617av,Avslutning,2026-06-17 09:02:00,kam-av,2025/26,,planerat,1899-01-01,,,Avslutning
HDC120260617ip,Interpellationssvar,2026-06-17 09:03:00,kam-ip,2025/26,,planerat,1899-01-01,"
				Ministrarna svarar på frågor som ledamöterna har ställt i sina interpellationer. Efter varje svar blir det debatt. Alla ledamöter som vill får delta i debatterna.
				",,Interpellationsdebatt
HDA3EUN202606171400,EU-nämndens sammanträde,2026-06-17 14:00:00,utskottsmöte,2025/26,,planerat,2025-10-16 16:55:57,<h2>Planerat sammanträde</h2><p>Datum och tid: Onsdag 2026-06-17 kl. 14:00<br />Plats: Skandiasalen (N3) Obs! Entré från Mynttorget 1</p><p>​Information och samråd inför möte i Europeiska rådet den 18–19 juni 2026.​<br/></p>,,Utskottens kallelser och föredragningslistor
HDC120260618ip,Interpellationssvar,2026-06-18 09:00:00,kam-ip,2025/26,,planerat,1899-01-01,"
				Ministrarna svarar på frågor som ledamöterna har ställt i sina interpellationer. Efter varje svar blir det debatt. Alla ledamöter som vill får delta i debatterna.
				",,Interpellationsdebatt
HDA3FöU202606181000,Försvarsutskottets sammanträde,2026-06-18 10:00:00,utskottsmöte,2025/26,,planerat,2025-12-18 09:55:23,<h2>Planerat sammanträde</h2><p>Datum och tid: Torsdag 2026-06-18 kl. 10:00<br />Plats: RÖ5-32</p>,,Utskottens kallelser och föredragningslistor
HDA3NU202606181000,Näringsutskottets sammanträde,2026-06-18 10:00:00,utskottsmöte,2025/26,,planerat,2025-12-16 14:50:22,<h2>Planerat sammanträde</h2><p>Datum och tid: Torsdag 2026-06-18 kl. 10:00<br />Plats: RÖ4-27</p>,,Utskottens kallelser och föredragningslistor
HDC220260622ss1,PACE:s session i Strasbourg,2026-06-22 06:00:00,sam-ss,2025/26,,,2026-01-23 15:37:37,"<p>Den 22–26 juni deltar riksdagens delegation till Europarådets parlamentariska församling i församlingens session i Strasbourg, Frankrike.</p>
<p>Europarådets parlamentariska församling (PACE)</p>",,Session
HDC120260622ip,Interpellationssvar,2026-06-22 11:00:00,kam-ip,2025/26,,planerat,1899-01-01,"
				Ministrarna svarar på frågor som ledamöterna har ställt i sina interpellationer. Efter varje svar blir det debatt. Alla ledamöter som vill får delta i debatterna.
				",,Interpellationsdebatt
HDC220260622ss1,PACE:s session i Strasbourg,2026-06-23 06:00:00,sam-ss,2025/26,,,2026-01-23 15:37:37,"<p>Den 22–26 juni deltar riksdagens delegation till Europarådets parlamentariska församling i församlingens session i Strasbourg, Frankrike.</p>
<p>Europarådets parlamentariska församling (PACE)</p>",,Session
HDC120260623ar,Återrapportering från Europeiska rådets möte,2026-06-23 10:00:00,kam-ar,2025/26,,planerat,1899-01-01,,,Information från regeringen
HDC120260623ip,Interpellationssvar,2026-06-23 10:01:00,kam-ip,2025/26,,planerat,1899-01-01,"
				Ministrarna svarar på frågor som ledamöterna har ställt i sina interpellationer. Efter varje svar blir det debatt. Alla ledamöter som vill får delta i debatterna.
				",,Interpellationsdebatt
HDA3KrU202606231100,Kulturutskottets sammanträde,2026-06-23 11:00:00,utskottsmöte,2025/26,,planerat,2025-12-16 15:40:50,<h2>Planerat sammanträde</h2><p>Datum och tid: Tisdag 2026-06-23 kl. 11:00<br />Plats: RÖ7-35</p>,,Utskottens kallelser och föredragningslistor
HDC220260622ss1,PACE:s session i Strasbourg,2026-06-24 06:00:00,sam-ss,2025/26,,,2026-01-23 15:37:37,"<p>Den 22–26 juni deltar riksdagens delegation till Europarådets parlamentariska församling i församlingens session i Strasbourg, Frankrike.</p>
<p>Europarådets parlamentariska församling (PACE)</p>",,Session
HDC120260624ip,Interpellationssvar,2026-06-24 09:00:00,kam-ip,2025/26,,planerat,1899-01-01,"
				Ministrarna svarar på frågor som ledamöterna har ställt i sina interpellationer. Efter varje svar blir det debatt. Alla ledamöter som vill får delta i debatterna.
				",,Interpellationsdebatt
HDC220260622ss1,PACE:s session i Strasbourg,2026-06-25 06:00:00,sam-ss,2025/26,,,2026-01-23 15:37:37,"<p>Den 22–26 juni deltar riksdagens delegation till Europarådets parlamentariska församling i församlingens session i Strasbourg, Frankrike.</p>
<p>Europarådets parlamentariska församling (PACE)</p>",,Session
HDA3KrU202606250930,Kulturutskottets sammanträde,2026-06-25 09:30:00,utskottsmöte,2025/26,,planerat,2025-12-16 15:41:13,<h2>Planerat sammanträde</h2><p>Datum och tid: Torsdag 2026-06-25 kl. 09:30<br />Plats: RÖ7-35</p>,,Utskottens kallelser och föredragningslistor
HDC220260622ss1,PACE:s session i Strasbourg,2026-06-26 06:00:00,sam-ss,2025/26,,,2026-01-23 15:37:37,"<p>Den 22–26 juni deltar riksdagens delegation till Europarådets parlamentariska församling i församlingens session i Strasbourg, Frankrike.</p>
<p>Europarådets parlamentariska församling (PACE)</p>",,Session
HDA3EUN202606260900,EU-nämndens sammanträde,2026-06-26 09:00:00,utskottsmöte,2025/26,,planerat,2025-10-16 16:57:57,"<h2>Planerat sammanträde</h2><p>Datum och tid: Fredag 2026-06-26 kl. 09:00<br />Plats: Skandiasalen (N3) Obs! Entré från Mynttorget 1</p><p>Information och samråd inför möte i rådet (sysselsättning, <span style=""text-decoration: underline;"">socialpolitik</span>, hälso- och sjukvård samt konsumentfrågor) den 29 juni 2026.</p>",,Utskottens kallelser och föredragningslistor
HDC420260701zz1,Invigning av utställningen Demokratin behöver dig! Ljungsbro bibliotek,2026-07-01,kal-zz,2025/26,,,2026-01-23 15:46:04,"<p class=""preamble"">Demokratin behöver dig! Det är namnet på den utställning från riksdagen som turnerar runt om i Sverige under 2025 och 2026. Utställningen berättar både om folkstyrets historia och riksdagens arbete samt om hur alla människor kan delta, för att vårda, värna och bevara demokratin.</p>
<p>Demokrati visar sig inte bara på valdagen. Den är med oss hela tiden i vardagen. Det är en ung styrelseform och i stora delar av världen är den ovanlig. Demokratin kan vara sårbar men också stark om vi väljer att delta i den.</p>
<p>Riksdagens utställning Demokratin behöver dig! visar på samspelet mellan folket och de folkvalda.</p>
<p>Utställningen kan besökas på Ljungsbro bibliotek från och med 1 juli till och med 20 juli 2026.</p>
<p><a href=""https://www.gotabiblioteken.se/ljungsbro#/"">Ljungsbro biblioteks webbplats</a></p>
<p>Läs mer om utställningen på riksdagens webbplats: <a href=""https://www.riksdagen.se/sv/kontakt-och-besok/besok-riksdagen/besok-riksdagen-i-ditt-lan/"">Besök riksdagen i ditt län</a></p>",,Övrig händelse
HDA3UU202607021100,Utrikesutskottets sammanträde,2026-07-02 11:00:00,utskottsmöte,2025/26,,planerat,2026-01-14 13:55:13,<h2>Planerat sammanträde</h2><p>Datum och tid: Torsdag 2026-07-02 kl. 11:00<br />Plats: RÖ2-08</p>,,Utskottens kallelser och föredragningslistor
HDA3FöU202607021100,Försvarsutskottets sammanträde,2026-07-02 11:00:00,utskottsmöte,2025/26,,planerat,2026-01-29 09:35:47,<h2>Planerat sammanträde</h2><p>Datum och tid: Torsdag 2026-07-02 kl. 11:00<br />Plats: RÖ2-08</p>,,Utskottens kallelser och föredragningslistor
HDA3EUN202607031000,EU-nämndens sammanträde,2026-07-03 10:00:00,utskottsmöte,2025/26,,planerat,2026-02-26 10:36:57,<h2>Planerat sammanträde</h2><p>Datum och tid: Fredag 2026-07-03 kl. 10:00<br />Plats: Skandiasalen (N3) Obs! Entré från Mynttorget 1</p><p>​Information och samråd inför dels möte i rådet <strong>(ekonomiska och finansiella frågor)</strong> den 10 juli samt möte i rådet <strong>(ekonomiska och finansiella frågor - budget)</strong> den 27 juli 2026.​<br/></p>,,Utskottens kallelser och föredragningslistor
HDA3UU202607091100,Utrikesutskottets sammanträde,2026-07-09 11:00:00,utskottsmöte,2025/26,,planerat,2026-02-17 10:31:38,<h2>Planerat sammanträde</h2><p>Datum och tid: Torsdag 2026-07-09 kl. 11:00<br />Plats: RÖ5-30</p>,,Utskottens kallelser och föredragningslistor
HDA3EUN202607101000,EU-nämndens sammanträde,2026-07-10 10:00:00,utskottsmöte,2025/26,,planerat,2026-02-26 10:37:55,"<h2>Planerat sammanträde</h2><p>Datum och tid: Fredag 2026-07-10 kl. 10:00<br />Plats: Skandiasalen (N3) Obs! Entré från Mynttorget 1</p><p>​Information och samråd inför dels möte i rådet <strong>(utrikesfrågor)</strong> den 13 juli, dels möte i rådet <strong>(jordbruk och fiske) </strong>den 13–14 juli samt möte i rådet <strong>(ev. allmänna frågor</strong>) den 14 juli 2026.​<br/></p>",,Utskottens kallelser och föredragningslistor
HDC420260722zz1,"Invigning av utställningen Demokratin behöver dig! Bibliotek Agora, Linköping",2026-07-22,kal-zz,2025/26,,,2026-01-23 15:49:02,"<p class=""preamble"">Demokratin behöver dig! Det är namnet på den utställning från riksdagen som turnerar runt om i Sverige under 2025 och 2026. Utställningen berättar både om folkstyrets historia och riksdagens arbete samt om hur alla människor kan delta, för att vårda, värna och bevara demokratin.</p>
<p>Demokrati visar sig inte bara på valdagen. Den är med oss hela tiden i vardagen. Det är en ung styrelseform och i stora delar av världen är den ovanlig. Demokratin kan vara sårbar men också stark om vi väljer att delta i den.</p>
<p>Riksdagens utställning Demokratin behöver dig! visar på samspelet mellan folket och de folkvalda.</p>
<p>Utställningen kan besökas på bibliotek Agora i Linköping från och med 22 juli till och med 5 augusti 2026.</p>
<p><a href=""https://www.gotabiblioteken.se/bibliotek-agora"">Bibliotek Agoras webbplats</a></p>
<p>Läs mer om utställningen på riksdagens webbplats: <a href=""https://www.riksdagen.se/sv/kontakt-och-besok/besok-riksdagen/besok-riksdagen-i-ditt-lan/"">Besök riksdagen i ditt län</a></p>",,Övrig händelse
HDC420260807zz1,Invigning av utställningen Demokratin behöver dig! Kisa bibliotek,2026-08-07,kal-zz,2025/26,,,2026-01-23 15:51:16,"<p class=""preamble"">Demokratin behöver dig! Det är namnet på den utställning från riksdagen som turnerar runt om i Sverige under 2025 och 2026. Utställningen berättar både om folkstyrets historia och riksdagens arbete samt om hur alla människor kan delta, för att vårda, värna och bevara demokratin.</p>
<p>Demokrati visar sig inte bara på valdagen. Den är med oss hela tiden i vardagen. Det är en ung styrelseform och i stora delar av världen är den ovanlig. Demokratin kan vara sårbar men också stark om vi väljer att delta i den.</p>
<p>Riksdagens utställning Demokratin behöver dig! visar på samspelet mellan folket och de folkvalda.</p>
<p>Utställningen kan besökas på Kisa bibliotek från och med 7 augusti till och med 24 augusti 2026.</p>
<p><a href=""https://www.gotabiblioteken.se/kisa-bibliotek#/"">Kisa biblioteks webbplats</a></p>
<p>Läs mer om utställningen på riksdagens webbplats: <a href=""https://www.riksdagen.se/sv/kontakt-och-besok/besok-riksdagen/besok-riksdagen-i-ditt-lan/"">Besök riksdagen i ditt län</a></p>",,Övrig händelse
HDC420260826zz1,Invigning av utställningen Demokratin behöver dig! Linköpings huvudbibliotek,2026-08-26,kal-zz,2025/26,,,2026-01-23 15:54:13,"<p class=""preamble"">Demokratin behöver dig! Det är namnet på den utställning från riksdagen som turnerar runt om i Sverige under 2025 och 2026. Utställningen berättar både om folkstyrets historia och riksdagens arbete samt om hur alla människor kan delta, för att vårda, värna och bevara demokratin.</p>
<p>Demokrati visar sig inte bara på valdagen. Den är med oss hela tiden i vardagen. Det är en ung styrelseform och i stora delar av världen är den ovanlig. Demokratin kan vara sårbar men också stark om vi väljer att delta i den.</p>
<p>Riksdagens utställning Demokratin behöver dig! visar på samspelet mellan folket och de folkvalda.</p>
<p>Utställningen kan besökas på Linköpings huvudbibliotek från och med 26 augusti till och med 15 september 2026.</p>
<p><a href=""https://www.gotabiblioteken.se/linkoping-huvudbibliotek#/"">Linköpings huvudbiblioteks webbplats</a></p>
<p>Läs mer om utställningen på riksdagens webbplats: <a href=""https://www.riksdagen.se/sv/kontakt-och-besok/besok-riksdagen/besok-riksdagen-i-ditt-lan/"">Besök riksdagen i ditt län</a></p>",,Övrig händelse
HDC220260830ss1,Den parlamentariska Östersjökonferensen (BSPC),2026-08-30 06:00:00,sam-ss,2025/26,,,2026-01-23 15:43:30,"<p>Den 30 augusti–1 september deltar riksdagens delegation i den 35:e parlamentariska Östersjökonferensen i Lübeck, Tyskland.</p>
<p><a href=""https://www.riksdagen.se/sv/sa-fungerar-riksdagen/riksdagens-internationella-arbete/parlamentariska-forsamlingar/den-parlamentariska-ostersjokonferensen-bspc/"">Den parlamentariska Östersjökonferensen (BSPC)</a></p>",,Session
HDC220260830ss1,Den parlamentariska Östersjökonferensen (BSPC),2026-08-31 06:00:00,sam-ss,2025/26,,,2026-01-23 15:43:30,"<p>Den 30 augusti–1 september deltar riksdagens delegation i den 35:e parlamentariska Östersjökonferensen i Lübeck, Tyskland.</p>
<p><a href=""https://www.riksdagen.se/sv/sa-fungerar-riksdagen/riksdagens-internationella-arbete/parlamentariska-forsamlingar/den-parlamentariska-ostersjokonferensen-bspc/"">Den parlamentariska Östersjökonferensen (BSPC)</a></p>",,Session
HDC220260830ss1,Den parlamentariska Östersjökonferensen (BSPC),2026-09-01 06:00:00,sam-ss,2025/26,,,2026-01-23 15:43:30,"<p>Den 30 augusti–1 september deltar riksdagens delegation i den 35:e parlamentariska Östersjökonferensen i Lübeck, Tyskland.</p>
<p><a href=""https://www.riksdagen.se/sv/sa-fungerar-riksdagen/riksdagens-internationella-arbete/parlamentariska-forsamlingar/den-parlamentariska-ostersjokonferensen-bspc/"">Den parlamentariska Östersjökonferensen (BSPC)</a></p>",,Session
HDA3EUN202609180900,EU-nämndens sammanträde,2026-09-18 09:00:00,utskottsmöte,2025/26,,planerat,2026-02-26 10:38:52,"<h2>Planerat sammanträde</h2><p>Datum och tid: Fredag 2026-09-18 kl. 09:00<br />Plats: Skandiasalen (N3) Obs! Entré från Mynttorget 1</p><p>​Information och samråd inför dels möte i rådet <strong>(allmänna frågor)</strong> den 22 september samt möte i rådet <strong>(konkurrenskraft: </strong><span style=""text-decoration: underline;""><strong>inre marknad, industri samt forskning, innovation</strong></span><strong> och rymd)</strong> den 24–25 september 2026.&#160;​<br/></p>",,Utskottens kallelser och föredragningslistor
HDA3EUN202609250900,EU-nämndens sammanträde,2026-09-25 09:00:00,utskottsmöte,2025/26,,planerat,2026-02-26 10:39:34,<h2>Planerat sammanträde</h2><p>Datum och tid: Fredag 2026-09-25 kl. 09:00<br />Plats: Skandiasalen (N3) Obs! Entré från Mynttorget 1</p><p>​Information och samråd inför dels möte i rådet <strong>(jordbruk och fiske)</strong> den 28–29 september samt möte i rådet <strong>(rättsliga och inrikes frågor)</strong> den 1–2 oktober 2026.​<br/></p>,,Utskottens kallelser och föredragningslistor
HEC220260928ss1,PACE:s session i Strasbourg,2026-09-28 06:00:00,sam-ss,2026/27,,,2026-01-23 15:52:40,"<p>Den 28 september–2 oktober deltar riksdagens delegation till Europarådets parlamentariska församling i församlingens session i Strasbourg, Frankrike.</p>
<p><a href=""https://www.riksdagen.se/sv/sa-fungerar-riksdagen/riksdagens-internationella-arbete/parlamentariska-forsamlingar/europaradets-parlamentariska-forsamling-pace/"">Europarådets parlamentariska församling (PACE)</a></p>",,Session
HEC220260928ss1,PACE:s session i Strasbourg,2026-09-29 06:00:00,sam-ss,2026/27,,,2026-01-23 15:52:40,"<p>Den 28 september–2 oktober deltar riksdagens delegation till Europarådets parlamentariska församling i församlingens session i Strasbourg, Frankrike.</p>
<p><a href=""https://www.riksdagen.se/sv/sa-fungerar-riksdagen/riksdagens-internationella-arbete/parlamentariska-forsamlingar/europaradets-parlamentariska-forsamling-pace/"">Europarådets parlamentariska församling (PACE)</a></p>",,Session
HEC220260928ss1,PACE:s session i Strasbourg,2026-09-30 06:00:00,sam-ss,2026/27,,,2026-01-23 15:52:40,"<p>Den 28 september–2 oktober deltar riksdagens delegation till Europarådets parlamentariska församling i församlingens session i Strasbourg, Frankrike.</p>
<p><a href=""https://www.riksdagen.se/sv/sa-fungerar-riksdagen/riksdagens-internationella-arbete/parlamentariska-forsamlingar/europaradets-parlamentariska-forsamling-pace/"">Europarådets parlamentariska församling (PACE)</a></p>",,Session
HEC220260928ss1,PACE:s session i Strasbourg,2026-10-01 06:00:00,sam-ss,2026/27,,,2026-01-23 15:52:40,"<p>Den 28 september–2 oktober deltar riksdagens delegation till Europarådets parlamentariska församling i församlingens session i Strasbourg, Frankrike.</p>
<p><a href=""https://www.riksdagen.se/sv/sa-fungerar-riksdagen/riksdagens-internationella-arbete/parlamentariska-forsamlingar/europaradets-parlamentariska-forsamling-pace/"">Europarådets parlamentariska församling (PACE)</a></p>",,Session
HEC220260928ss1,PACE:s session i Strasbourg,2026-10-02 06:00:00,sam-ss,2026/27,,,2026-01-23 15:52:40,"<p>Den 28 september–2 oktober deltar riksdagens delegation till Europarådets parlamentariska församling i församlingens session i Strasbourg, Frankrike.</p>
<p><a href=""https://www.riksdagen.se/sv/sa-fungerar-riksdagen/riksdagens-internationella-arbete/parlamentariska-forsamlingar/europaradets-parlamentariska-forsamling-pace/"">Europarådets parlamentariska församling (PACE)</a></p>",,Session
HDA3EUN202610020900,EU-nämndens sammanträde,2026-10-02 09:00:00,utskottsmöte,2025/26,,planerat,2026-02-26 10:40:15,<h2>Planerat sammanträde</h2><p>Datum och tid: Fredag 2026-10-02 kl. 09:00<br />Plats: Skandiasalen (N3) Obs! Entré från Mynttorget 1</p><p>​Information och samråd inför dels möte i rådet <strong>(utrikesfrågor - försvar)</strong> den 5 oktober samt möte i rådet <strong>(ekonomiska och finansiella frågor)</strong> den 9 oktober 2026.​<br/></p>,,Utskottens kallelser och föredragningslistor
HDA3EUN202610090900,EU-nämndens sammanträde,2026-10-09 09:00:00,utskottsmöte,2025/26,,planerat,2026-02-26 10:41:20,"<h2>Planerat sammanträde</h2><p>Datum och tid: Fredag 2026-10-09 kl. 09:00<br />Plats: Skandiasalen (N3) Obs! Entré från Mynttorget 1</p><p>​<span style=""font-size: 12pt; font-family: bembo;"">Information
och samråd dels inför möte i rådet <strong>(utrikesfrågor)</strong> den 12 oktober samt möte
i rådet <strong>(allmänna frågor) </strong>den 13 oktober 2026.</span>​<br/></p>",,Utskottens kallelser och föredragningslistor
HDA3EUN202610141400,EU-nämndens sammanträde,2026-10-14 14:00:00,utskottsmöte,2025/26,,planerat,2026-02-26 10:42:18,<h2>Planerat sammanträde</h2><p>Datum och tid: Onsdag 2026-10-14 kl. 14:00<br />Plats: Skandiasalen (N3) Obs! Entré från Mynttorget 1</p><p>​Information och samråd inför möte i <strong>Europeiska rådet</strong> den 15–16 oktober 2026.​<br/></p>,,Utskottens kallelser och föredragningslistor
HDA3EUN202610160900,EU-nämndens sammanträde,2026-10-16 09:00:00,utskottsmöte,2025/26,,planerat,2026-02-26 10:43:16,"<h2>Planerat sammanträde</h2><p>Datum och tid: Fredag 2026-10-16 kl. 09:00<br />Plats: Skandiasalen (N3) Obs! Entré från Mynttorget 1</p><p>​Information och samråd inför möte i rådet <strong>(</strong><span style=""text-decoration: underline;""><strong>sysselsättning, socialpolitik, hälso- och sjukvård</strong></span><strong> samt konsumentfrågor)</strong> den 19 oktober 2026.&#160;<br/></p>",,Utskottens kallelser och föredragningslistor
HDA3EUN202610230900,EU-nämndens sammanträde,2026-10-23 09:00:00,utskottsmöte,2025/26,,planerat,2026-02-26 10:43:55,"<h2>Planerat sammanträde</h2><p>Datum och tid: Fredag 2026-10-23 kl. 09:00<br />Plats: Skandiasalen (N3) Obs! Entré från Mynttorget 1</p><p>​<span style=""font-size: 12pt; font-family: bembo;"">Information
och samråd inför dels möte i rådet <strong>(jordbruk och fiske)</strong> den 26–27
oktober, dels möte i rådet (<strong>transport, telekommunikation och <span style=""text-decoration: underline;"">energi</span>)</strong>
den 29 oktober samt möte i rådet <strong>(miljö)</strong> den 30 oktober 2026</span>​.<br/></p>",,Utskottens kallelser och föredragningslistor
HEC220261026ss1,Nordiska rådets session i Helsingfors,2026-10-26 06:00:00,sam-ss,2026/27,,,2026-01-23 15:56:59,"<p>Den 26–29 oktober hålls Nordiska rådets årliga session.</p>
<p><a href=""https://www.riksdagen.se/sv/sa-fungerar-riksdagen/riksdagens-internationella-arbete/parlamentariska-forsamlingar/nordiska-radet/"">Nordiska rådet</a></p>",,Session
HEC220261026ss1,Nordiska rådets session i Helsingfors,2026-10-27 06:00:00,sam-ss,2026/27,,,2026-01-23 15:56:59,"<p>Den 26–29 oktober hålls Nordiska rådets årliga session.</p>
<p><a href=""https://www.riksdagen.se/sv/sa-fungerar-riksdagen/riksdagens-internationella-arbete/parlamentariska-forsamlingar/nordiska-radet/"">Nordiska rådet</a></p>",,Session
HEC220261026ss1,Nordiska rådets session i Helsingfors,2026-10-28 06:00:00,sam-ss,2026/27,,,2026-01-23 15:56:59,"<p>Den 26–29 oktober hålls Nordiska rådets årliga session.</p>
<p><a href=""https://www.riksdagen.se/sv/sa-fungerar-riksdagen/riksdagens-internationella-arbete/parlamentariska-forsamlingar/nordiska-radet/"">Nordiska rådet</a></p>",,Session
HEC220261026ss1,Nordiska rådets session i Helsingfors,2026-10-29 06:00:00,sam-ss,2026/27,,,2026-01-23 15:56:59,"<p>Den 26–29 oktober hålls Nordiska rådets årliga session.</p>
<p><a href=""https://www.riksdagen.se/sv/sa-fungerar-riksdagen/riksdagens-internationella-arbete/parlamentariska-forsamlingar/nordiska-radet/"">Nordiska rådet</a></p>",,Session
HDA3EUN202610300900,EU-nämndens sammanträde,2026-10-30 09:00:00,utskottsmöte,2025/26,,planerat,2026-02-26 10:44:28,"<h2>Planerat sammanträde</h2><p>Datum och tid: Fredag 2026-10-30 kl. 09:00<br />Plats: Skandiasalen (N3) Obs! Entré från Mynttorget 1</p><p>​<span style=""font-size: 12pt; font-family: bembo;"">Information
och samråd dels inför möte i rådet <strong>(allmänna frågor - sammanhållning) </strong>den
6 november 2026.</span>​<br/></p>",,Utskottens kallelser och föredragningslistor
HDA3EUN202611060900,EU-nämndens sammanträde,2026-11-06 09:00:00,utskottsmöte,2025/26,,planerat,2026-02-26 10:45:22,<h2>Planerat sammanträde</h2><p>Datum och tid: Fredag 2026-11-06 kl. 09:00<br />Plats: Skandiasalen (N3) Obs! Entré från Mynttorget 1</p><p>​Information och samråd inför dels möte i rådet <strong>(ekonomiska och finansiella frågor</strong>) den 9–10 november samt möte i rådet <strong>(ekonomiska och finansiella frågor – budget)</strong> den 10 november 2026.​<br/></p>,,Utskottens kallelser och föredragningslistor
HDA3EUN202611111400,EU-nämndens sammanträde,2026-11-11 14:00:00,utskottsmöte,2025/26,,planerat,2026-02-26 10:46:05,<h2>Planerat sammanträde</h2><p>Datum och tid: Onsdag 2026-11-11 kl. 14:00<br />Plats: Skandiasalen (N3) Obs! Entré från Mynttorget 1</p><p>​Information och samråd inför informellt möte i kretsen av stats- och regeringschefer den 13 november 2026.​&#160;<br/></p>,,Utskottens kallelser och föredragningslistor
HDA3EUN202611130900,EU-nämndens sammanträde,2026-11-13 09:00:00,utskottsmöte,2025/26,,planerat,2026-02-26 10:46:38,"<h2>Planerat sammanträde</h2><p>Datum och tid: Fredag 2026-11-13 kl. 09:00<br />Plats: Skandiasalen (N3) Obs! Entré från Mynttorget 1</p><p>​Information och samråd inför dels möte i rådet <strong>(utrikesfrågor) </strong>den 16 november, dels möte i rådet <strong>(utrikesfrågor – försvar)</strong> den 17 november samt möte i rådet <strong>(allmänna frågor</strong>) den 19 november 2026.​&#160;<br/></p>",,Utskottens kallelser och föredragningslistor
HEC220261120ss1,Natos parlamentariska församling i Berlin,2026-11-20 06:00:00,sam-ss,2026/27,,,2026-01-23 16:15:03,"<p>Den 20–23  november har Natos parlamentariska församling session i Berlin, Tyskland. Riksdagen deltar med en delegation.</p>
<p><a href=""https://www.riksdagen.se/sv/sa-fungerar-riksdagen/riksdagens-internationella-arbete/parlamentariska-forsamlingar/natos-parlamentariska-forsamling/"">Natos parlamentariska församling</a></p>",,Session
HDA3EUN202611200900,EU-nämndens sammanträde,2026-11-20 09:00:00,utskottsmöte,2025/26,,planerat,2026-02-26 10:47:39,"<h2>Planerat sammanträde</h2><p>Datum och tid: Fredag 2026-11-20 kl. 09:00<br />Plats: Skandiasalen (N3) Obs! Entré från Mynttorget 1</p><p>​Information och samråd inför dels möte i rådet <strong>(jordbruk och fiske)</strong> den 23–24 november, dels möte i rådet <strong>(utrikesfrågor – utveckling)</strong> den 26 november, dels möte i rådet <strong>(</strong><span style=""text-decoration: underline;""><strong>utbildning, ungdom, kultur och idrott</strong></span><strong>)</strong> den 26–27 november samt möte i rådet <strong>(utrikesfrågor – handel) </strong>den 27 november 2026.​&#160;<br/></p>",,Utskottens kallelser och föredragningslistor
HEC220261120ss1,Natos parlamentariska församling i Berlin,2026-11-21 06:00:00,sam-ss,2026/27,,,2026-01-23 16:15:03,"<p>Den 20–23  november har Natos parlamentariska församling session i Berlin, Tyskland. Riksdagen deltar med en delegation.</p>
<p><a href=""https://www.riksdagen.se/sv/sa-fungerar-riksdagen/riksdagens-internationella-arbete/parlamentariska-forsamlingar/natos-parlamentariska-forsamling/"">Natos parlamentariska församling</a></p>",,Session
HEC220261120ss1,Natos parlamentariska församling i Berlin,2026-11-22 06:00:00,sam-ss,2026/27,,,2026-01-23 16:15:03,"<p>Den 20–23  november har Natos parlamentariska församling session i Berlin, Tyskland. Riksdagen deltar med en delegation.</p>
<p><a href=""https://www.riksdagen.se/sv/sa-fungerar-riksdagen/riksdagens-internationella-arbete/parlamentariska-forsamlingar/natos-parlamentariska-forsamling/"">Natos parlamentariska församling</a></p>",,Session
HEC220261120ss1,Natos parlamentariska församling i Berlin,2026-11-23 06:00:00,sam-ss,2026/27,,,2026-01-23 16:15:03,"<p>Den 20–23  november har Natos parlamentariska församling session i Berlin, Tyskland. Riksdagen deltar med en delegation.</p>
<p><a href=""https://www.riksdagen.se/sv/sa-fungerar-riksdagen/riksdagens-internationella-arbete/parlamentariska-forsamlingar/natos-parlamentariska-forsamling/"">Natos parlamentariska församling</a></p>",,Session
HDA3EUN202611270900,EU-nämndens sammanträde,2026-11-27 09:00:00,utskottsmöte,2025/26,,planerat,2026-02-26 10:48:26,"<h2>Planerat sammanträde</h2><p>Datum och tid: Fredag 2026-11-27 kl. 09:00<br />Plats: Skandiasalen (N3) Obs! Entré från Mynttorget 1</p><p>​Information och samråd inför dels möte i rådet <strong>(</strong><span style=""text-decoration: underline;""><strong>transport, telekommunikation</strong></span><strong> och energi)</strong> den 30 november och 1 december, dels möte i rådet <strong>(rättsliga och inrikes frågor)</strong> den 3–4 december samt möte i rådet <strong>(konkurrenskraft: </strong><span style=""text-decoration: underline;""><strong>inre marknaden, industri, forskning och rymd</strong></span><strong>)</strong> den 3–4 december 2026.​&#160;<br/></p>",,Utskottens kallelser och föredragningslistor
HDA3EUN202612040900,EU-nämndens sammanträde,2026-12-04 09:00:00,utskottsmöte,2025/26,,planerat,2026-02-26 10:49:20,"<h2>Planerat sammanträde</h2><p>Datum och tid: Fredag 2026-12-04 kl. 09:00<br />Plats: Skandiasalen (N3) Obs! Entré från Mynttorget 1</p><p>​Information och samråd inför dels möte i rådet <span style=""text-decoration: underline;""><strong>(sysselsättning, socialpolitik, hälso- och sjukvård</strong></span><strong> samt konsumentfrågor)</strong> den 7–8 december, dels möte i rådet <strong>(transport, telekommunikation och </strong><span style=""text-decoration: underline;""><strong>energi</strong></span><strong>)</strong> den 10 december, dels möte i rådet <strong>(ekonomiska och finansiella frågor) </strong>den 11 december samt möte i rådet <strong>(miljö)</strong> den 11 december 2026.​&#160;<br/></p>",,Utskottens kallelser och föredragningslistor
HDA3EUN202612110900,EU-nämndens sammanträde,2026-12-11 09:00:00,utskottsmöte,2025/26,,planerat,2026-02-26 10:50:01,"<h2>Planerat sammanträde</h2><p>Datum och tid: Fredag 2026-12-11 kl. 09:00<br />Plats: Skandiasalen (N3) Obs! Entré från Mynttorget 1</p><p>​Information och samråd inför dels möte i rådet <strong>(utrikesfrågor)</strong> den 14 december, dels möte i rådet <strong>(jordbruk och fiske)</strong> den 14–15 december samt möte i rådet <strong>(allmänna frågor) </strong>den 15 december 2026.​&#160;<br/></p>",,Utskottens kallelser och föredragningslistor
HDA3EUN202612161400,EU-nämndens sammanträde,2026-12-16 14:00:00,utskottsmöte,2025/26,,planerat,2026-02-26 10:50:35,<h2>Planerat sammanträde</h2><p>Datum och tid: Onsdag 2026-12-16 kl. 14:00<br />Plats: Skandiasalen (N3) Obs! Entré från Mynttorget 1</p><p>​Information och samråd inför möte i <strong>Europeiska rådet</strong> den 17–18 december 2026.​&#160;<br/></p>,,Utskottens kallelser och föredragningslistor
