fornamn,efternamn,parti,valkrets,riksdagsstatus,fodelsear,kon,hemort,person_url_xml,bild_url_80
Caroline,Helmersson Olsson,S,Södermanlands län,Tjänstgörande riksdagsledamot,1963,kvinna,,https://data.riksdagen.se/person/ae67201e-c2ea-4c8d-8a62-54f12be55778,https://data.riksdagen.se/filarkiv/bilder/ledamot/ae67201e-c2ea-4c8d-8a62-54f12be55778_80.jpg
Johanna,Haraldsson,S,Jönköpings län,Tjänstgörande riksdagsledamot,1980,kvinna,,https://data.riksdagen.se/person/a1d94b24-2d7f-4d84-99fb-ca161ba77f78,https://data.riksdagen.se/filarkiv/bilder/ledamot/a1d94b24-2d7f-4d84-99fb-ca161ba77f78_80.jpg
Jonas,Andersson,SD,Östergötlands län,Tjänstgörande riksdagsledamot,1989,man,,https://data.riksdagen.se/person/9944df03-e946-4046-aeef-c49117503a0c,https://data.riksdagen.se/filarkiv/bilder/ledamot/9944df03-e946-4046-aeef-c49117503a0c_80.jpg
Nima,Gholam Ali Pour,SD,Malmö kommun,Tjänstgörande riksdagsledamot,1981,man,,https://data.riksdagen.se/person/43254ea9-ce3e-4cd4-a60c-c6216027d61b,https://data.riksdagen.se/filarkiv/bilder/ledamot/43254ea9-ce3e-4cd4-a60c-c6216027d61b_80.jpg
Cecilia,Engström,KD,Skåne läns södra,Tjänstgörande riksdagsledamot,1972,kvinna,,https://data.riksdagen.se/person/6225d351-aa7a-4a12-94a0-084b7077a7af,https://data.riksdagen.se/filarkiv/bilder/ledamot/6225d351-aa7a-4a12-94a0-084b7077a7af_80.jpg
Mattias,Ottosson,S,Östergötlands län,Tjänstgörande riksdagsledamot,1971,man,,https://data.riksdagen.se/person/df8c5ae3-43e8-4d8a-bf64-67b9a78fef66,https://data.riksdagen.se/filarkiv/bilder/ledamot/df8c5ae3-43e8-4d8a-bf64-67b9a78fef66_80.jpg
Christofer,Bergenblock,C,Hallands län,Tjänstgörande riksdagsledamot,1974,man,,https://data.riksdagen.se/person/84cd5a15-44cb-48ed-8433-b907f2d8b8bf,https://data.riksdagen.se/filarkiv/bilder/ledamot/84cd5a15-44cb-48ed-8433-b907f2d8b8bf_80.jpg
Anders,Alftberg,SD,Västra Götalands läns södra,Tjänstgörande riksdagsledamot,1973,man,,https://data.riksdagen.se/person/f0d945f3-9449-458e-ba40-1a0da1a72303,https://data.riksdagen.se/filarkiv/bilder/ledamot/f0d945f3-9449-458e-ba40-1a0da1a72303_80.jpg
Dzenan,Cisija,S,Göteborgs kommun,Tjänstgörande riksdagsledamot,1976,man,,https://data.riksdagen.se/person/16ae6544-53b6-4e7f-be85-4cb7a605bae3,https://data.riksdagen.se/filarkiv/bilder/ledamot/16ae6544-53b6-4e7f-be85-4cb7a605bae3_80.jpg
Marianne,Fundahn,S,Skåne läns södra,Tjänstgörande riksdagsledamot,1958,kvinna,,https://data.riksdagen.se/person/d9f971a1-12ab-4a01-8cb6-2d2d6a9e0791,https://data.riksdagen.se/filarkiv/bilder/ledamot/d9f971a1-12ab-4a01-8cb6-2d2d6a9e0791_80.jpg
Crister,Carlsson,M,Dalarnas län,Tjänstgörande statsrådsersättare,1963,man,,https://data.riksdagen.se/person/392a2ddd-593e-430b-9181-794b99a1ec7c,https://data.riksdagen.se/filarkiv/bilder/ledamot/392a2ddd-593e-430b-9181-794b99a1ec7c_80.jpg
Emma,Ahlström Köster,M,Skåne läns södra,Tjänstgörande riksdagsledamot,1987,kvinna,,https://data.riksdagen.se/person/e09d9076-28c7-4583-a17f-7a776de7f01f,https://data.riksdagen.se/filarkiv/bilder/ledamot/e09d9076-28c7-4583-a17f-7a776de7f01f_80.jpg
Erik,Hellsborn,SD,Hallands län,Tjänstgörande riksdagsledamot,1984,man,,https://data.riksdagen.se/person/0a518d5d-b7c9-41bd-ba06-c2d09a873ed4,https://data.riksdagen.se/filarkiv/bilder/ledamot/0a518d5d-b7c9-41bd-ba06-c2d09a873ed4_80.jpg
Ludvig,Aspling,SD,Stockholms län,Tjänstgörande riksdagsledamot,1983,man,,https://data.riksdagen.se/person/5b6bef5c-75ce-4f53-894d-e89afd3b6799,https://data.riksdagen.se/filarkiv/bilder/ledamot/5b6bef5c-75ce-4f53-894d-e89afd3b6799_80.jpg
Kjell,Jansson,M,Stockholms län,Tjänstgörande riksdagsledamot,1959,man,,https://data.riksdagen.se/person/3ce8f147-129f-412c-b6ad-db566d53b1db,https://data.riksdagen.se/filarkiv/bilder/ledamot/3ce8f147-129f-412c-b6ad-db566d53b1db_80.jpg
Roger,Hedlund,SD,Gävleborgs län,Tjänstgörande riksdagsledamot,1979,man,,https://data.riksdagen.se/person/dd0d47ea-5e71-4ec9-b987-3261320ac857,https://data.riksdagen.se/filarkiv/bilder/ledamot/dd0d47ea-5e71-4ec9-b987-3261320ac857_80.jpg
Daniel,Vencu Velasquez Castro,S,Stockholms kommun,Tjänstgörande riksdagsledamot,1994,man,,https://data.riksdagen.se/person/09770274-5c74-4a51-9629-4608f79a8cf2,https://data.riksdagen.se/filarkiv/bilder/ledamot/09770274-5c74-4a51-9629-4608f79a8cf2_80.jpg
Hans,Ekström,S,Södermanlands län,Tjänstgörande riksdagsledamot,1958,man,,https://data.riksdagen.se/person/b6fe54d6-ffc7-4435-9326-5baf132b3338,https://data.riksdagen.se/filarkiv/bilder/ledamot/b6fe54d6-ffc7-4435-9326-5baf132b3338_80.jpg
Jytte,Guteland,S,Stockholms kommun,Tjänstgörande riksdagsledamot,1979,kvinna,,https://data.riksdagen.se/person/1c1e2336-5f43-4256-8bc3-01d3a0e9453b,https://data.riksdagen.se/filarkiv/bilder/ledamot/1c1e2336-5f43-4256-8bc3-01d3a0e9453b_80.jpg
Sanne,Lennström,S,Uppsala län,Tjänstgörande riksdagsledamot,1988,kvinna,,https://data.riksdagen.se/person/1d28738c-16d7-48f3-bb2a-e8cdcf348ca1,https://data.riksdagen.se/filarkiv/bilder/ledamot/1d28738c-16d7-48f3-bb2a-e8cdcf348ca1_80.jpg
Fredrik,Lindahl,SD,Stockholms län,Tjänstgörande riksdagsledamot,1987,man,,https://data.riksdagen.se/person/08bb4baa-24ca-4395-baf7-c907a4d5b776,https://data.riksdagen.se/filarkiv/bilder/ledamot/08bb4baa-24ca-4395-baf7-c907a4d5b776_80.jpg
Ola,Möller,S,Skåne läns västra,Tjänstgörande riksdagsledamot,1983,man,,https://data.riksdagen.se/person/002ed7e8-1202-46df-a87c-8585e5b92012,https://data.riksdagen.se/filarkiv/bilder/ledamot/002ed7e8-1202-46df-a87c-8585e5b92012_80.jpg
Rickard,Nordin,C,Göteborgs kommun,Tjänstgörande riksdagsledamot,1983,man,,https://data.riksdagen.se/person/a57d39bb-9f60-4def-ab90-97791ec56447,https://data.riksdagen.se/filarkiv/bilder/ledamot/a57d39bb-9f60-4def-ab90-97791ec56447_80.jpg
Mona,Olin,SD,Kalmar län,Tjänstgörande riksdagsledamot,1967,kvinna,,https://data.riksdagen.se/person/b609b532-9d1d-47ef-9379-a1d59ebd5c9c,https://data.riksdagen.se/filarkiv/bilder/ledamot/b609b532-9d1d-47ef-9379-a1d59ebd5c9c_80.jpg
Thomas,Morell,SD,Skåne läns norra och östra,Tjänstgörande riksdagsledamot,1957,man,,https://data.riksdagen.se/person/ee4900a4-1434-4ae5-8ddf-4f18755e02cc,https://data.riksdagen.se/filarkiv/bilder/ledamot/ee4900a4-1434-4ae5-8ddf-4f18755e02cc_80.jpg
Daniel,Persson,SD,Gävleborgs län,Tjänstgörande riksdagsledamot,1982,man,,https://data.riksdagen.se/person/b725f381-ad0b-4ab1-8bc9-7a72d89700e2,https://data.riksdagen.se/filarkiv/bilder/ledamot/b725f381-ad0b-4ab1-8bc9-7a72d89700e2_80.jpg
Ewa,Pihl Krabbe,S,Skåne läns norra och östra,Tjänstgörande riksdagsledamot,1947,kvinna,,https://data.riksdagen.se/person/ce71b03c-18ac-422f-a9e8-30e35b3d5bfa,https://data.riksdagen.se/filarkiv/bilder/ledamot/ce71b03c-18ac-422f-a9e8-30e35b3d5bfa_80.jpg
Björn,Tidland,SD,Göteborgs kommun,Tjänstgörande riksdagsledamot,1963,man,,https://data.riksdagen.se/person/1bbbce35-b7b7-499c-815a-1005661bbe81,https://data.riksdagen.se/filarkiv/bilder/ledamot/1bbbce35-b7b7-499c-815a-1005661bbe81_80.jpg
Inga-Lill,Sjöblom,S,Uppsala län,Tjänstgörande riksdagsledamot,1959,kvinna,,https://data.riksdagen.se/person/464de516-7b8b-4ddf-828e-9f373fd52d8e,https://data.riksdagen.se/filarkiv/bilder/ledamot/464de516-7b8b-4ddf-828e-9f373fd52d8e_80.jpg
Robert,Stenkvist,SD,Stockholms län,Tjänstgörande riksdagsledamot,1958,man,,https://data.riksdagen.se/person/0cb27c59-4f9e-4d84-a8e2-f45325b5a93c,https://data.riksdagen.se/filarkiv/bilder/ledamot/0cb27c59-4f9e-4d84-a8e2-f45325b5a93c_80.jpg
Peter,Hedberg,S,Västernorrlands län,Tjänstgörande riksdagsledamot,1990,man,,https://data.riksdagen.se/person/162c225d-c946-4fde-ae8b-69bf837f2a64,https://data.riksdagen.se/filarkiv/bilder/ledamot/162c225d-c946-4fde-ae8b-69bf837f2a64_80.jpg
Martin,Ådahl,C,Stockholms kommun,Tjänstgörande riksdagsledamot,1969,man,,https://data.riksdagen.se/person/1e70f7df-dd11-410b-941a-bcac14e919a8,https://data.riksdagen.se/filarkiv/bilder/ledamot/1e70f7df-dd11-410b-941a-bcac14e919a8_80.jpg
Leila,Ali Elmi,MP,Göteborgs kommun,Tjänstgörande riksdagsledamot,1988,kvinna,,https://data.riksdagen.se/person/5997ba96-4f01-46f4-8bd8-e1411a9d503b,https://data.riksdagen.se/filarkiv/bilder/ledamot/5997ba96-4f01-46f4-8bd8-e1411a9d503b_80.jpg
Ingemar,Kihlström,KD,Västra Götalands läns södra,Tjänstgörande riksdagsledamot,1966,man,,https://data.riksdagen.se/person/06f647f7-2937-4767-af38-04636afc040d,https://data.riksdagen.se/filarkiv/bilder/ledamot/06f647f7-2937-4767-af38-04636afc040d_80.jpg
Jonathan,Svensson,S,Västra Götalands läns norra,Tjänstgörande riksdagsledamot,2000,man,,https://data.riksdagen.se/person/cc4afbfd-aaf0-492e-9945-840a796d5eb8,https://data.riksdagen.se/filarkiv/bilder/ledamot/cc4afbfd-aaf0-492e-9945-840a796d5eb8_80.jpg
Magnus,Manhammar,S,Blekinge län,Tjänstgörande riksdagsledamot,1980,man,,https://data.riksdagen.se/person/639da251-c800-4b3d-a8c5-6626094c9035,https://data.riksdagen.se/filarkiv/bilder/ledamot/639da251-c800-4b3d-a8c5-6626094c9035_80.jpg
Patrik,Björck,S,Västra Götalands läns östra,Tjänstgörande riksdagsledamot,1957,man,,https://data.riksdagen.se/person/8a5b8260-f6d5-4d17-af0b-a339cd40470e,https://data.riksdagen.se/filarkiv/bilder/ledamot/8a5b8260-f6d5-4d17-af0b-a339cd40470e_80.jpg
Alireza,Akhondi,C,Stockholms län,Tjänstgörande riksdagsledamot,1980,man,,https://data.riksdagen.se/person/4099ff9c-5d27-4605-b018-98fb229d94fa,https://data.riksdagen.se/filarkiv/bilder/ledamot/4099ff9c-5d27-4605-b018-98fb229d94fa_80.jpg
Linus,Lakso,MP,Södermanlands län,Tjänstgörande riksdagsledamot,1983,man,,https://data.riksdagen.se/person/209f7bbf-b8ec-4e57-81a0-35f17629212b,https://data.riksdagen.se/filarkiv/bilder/ledamot/209f7bbf-b8ec-4e57-81a0-35f17629212b_80.jpg
Markus,Selin,S,Stockholms län,Tjänstgörande riksdagsledamot,1978,man,,https://data.riksdagen.se/person/4da8bb6b-fc06-4f3a-ba25-f70dfe5eb5a7,https://data.riksdagen.se/filarkiv/bilder/ledamot/4da8bb6b-fc06-4f3a-ba25-f70dfe5eb5a7_80.jpg
Anna,af Sillén,M,Södermanlands län,Tjänstgörande statsrådsersättare,1976,kvinna,,https://data.riksdagen.se/person/29ba1ada-536f-4fd9-8d87-d96c7ac21f2d,https://data.riksdagen.se/filarkiv/bilder/ledamot/29ba1ada-536f-4fd9-8d87-d96c7ac21f2d_80.jpg
Leonid,Yurkovskiy,SD,Stockholms län,Tjänstgörande riksdagsledamot,1995,man,,https://data.riksdagen.se/person/57476cc3-4db3-4fad-8ec7-e30f317f83a4,https://data.riksdagen.se/filarkiv/bilder/ledamot/57476cc3-4db3-4fad-8ec7-e30f317f83a4_80.jpg
Martin,Westmont,SD,Stockholms kommun,Tjänstgörande riksdagsledamot,1978,man,,https://data.riksdagen.se/person/8fd0a93e-226a-4fb5-ae65-bdecf1387a0c,https://data.riksdagen.se/filarkiv/bilder/ledamot/8fd0a93e-226a-4fb5-ae65-bdecf1387a0c_80.jpg
Leif,Nysmed,S,Stockholms län,Tjänstgörande riksdagsledamot,1970,man,,https://data.riksdagen.se/person/bdd26f21-dca7-4e7c-af32-131937aa539b,https://data.riksdagen.se/filarkiv/bilder/ledamot/bdd26f21-dca7-4e7c-af32-131937aa539b_80.jpg
Markus,Kallifatides,S,Stockholms kommun,Tjänstgörande riksdagsledamot,1972,man,,https://data.riksdagen.se/person/cf706551-1349-419e-bae8-c9947f280868,https://data.riksdagen.se/filarkiv/bilder/ledamot/cf706551-1349-419e-bae8-c9947f280868_80.jpg
Helena,Lindahl,C,Västerbottens län,Tjänstgörande riksdagsledamot,1972,kvinna,,https://data.riksdagen.se/person/6cca7c48-b127-4d65-8052-ac3588a50dbd,https://data.riksdagen.se/filarkiv/bilder/ledamot/6cca7c48-b127-4d65-8052-ac3588a50dbd_80.jpg
Magnus,Resare,M,Värmlands län,Tjänstgörande statsrådsersättare,1987,man,,https://data.riksdagen.se/person/ddd14cee-8327-4c95-a2d5-b3ce4dbb3a8f,https://data.riksdagen.se/filarkiv/bilder/ledamot/ddd14cee-8327-4c95-a2d5-b3ce4dbb3a8f_80.jpg
Torsten,Elofsson,KD,Skåne läns norra och östra,Tjänstgörande riksdagsledamot,1950,man,,https://data.riksdagen.se/person/17625b6d-3622-4c4c-b6e5-9d347af8cc01,https://data.riksdagen.se/filarkiv/bilder/ledamot/17625b6d-3622-4c4c-b6e5-9d347af8cc01_80.jpg
Anders,Karlsson,C,Jönköpings län,Tjänstgörande riksdagsledamot,1961,man,,https://data.riksdagen.se/person/94366ec1-ba40-44b2-b98f-8676fccbcd4d,https://data.riksdagen.se/filarkiv/bilder/ledamot/94366ec1-ba40-44b2-b98f-8676fccbcd4d_80.jpg
Monica,Haider,S,Kronobergs län,Tjänstgörande riksdagsledamot,1963,kvinna,,https://data.riksdagen.se/person/6f818cd1-9a97-412f-bc59-1d1e8a2ceb19,https://data.riksdagen.se/filarkiv/bilder/ledamot/6f818cd1-9a97-412f-bc59-1d1e8a2ceb19_80.jpg
Patrik,Karlson,L,Östergötlands län,Tjänstgörande riksdagsledamot,1987,man,,https://data.riksdagen.se/person/75418838-bb8e-4b7b-964a-967085876d4b,https://data.riksdagen.se/filarkiv/bilder/ledamot/75418838-bb8e-4b7b-964a-967085876d4b_80.jpg
Mikael,Eskilandersson,SD,Skåne läns norra och östra,Tjänstgörande riksdagsledamot,1977,man,,https://data.riksdagen.se/person/cf98df89-2103-40cc-8524-b2df33125a3f,https://data.riksdagen.se/filarkiv/bilder/ledamot/cf98df89-2103-40cc-8524-b2df33125a3f_80.jpg
Janine,Alm Ericson,MP,Västra Götalands läns västra,Tjänstgörande riksdagsledamot,1973,kvinna,,https://data.riksdagen.se/person/7e408079-a5cd-432a-a30e-fd61fd15c65a,https://data.riksdagen.se/filarkiv/bilder/ledamot/7e408079-a5cd-432a-a30e-fd61fd15c65a_80.jpg
Alexander,Christiansson,SD,Västra Götalands läns västra,Tjänstgörande riksdagsledamot,1981,man,,https://data.riksdagen.se/person/300c041c-1f7e-4daa-97e0-4d2ec8e6f4f5,https://data.riksdagen.se/filarkiv/bilder/ledamot/300c041c-1f7e-4daa-97e0-4d2ec8e6f4f5_80.jpg
Jamal,El-Haj,-,Malmö kommun,Tjänstgörande riksdagsledamot,1960,man,,https://data.riksdagen.se/person/6a1b02dd-bdc4-4019-ab3e-dfeb133018ed,https://data.riksdagen.se/filarkiv/bilder/ledamot/6a1b02dd-bdc4-4019-ab3e-dfeb133018ed_80.jpg
Gustaf,Lantz,S,Uppsala län,Tjänstgörande riksdagsledamot,1981,man,,https://data.riksdagen.se/person/82c56b96-b106-4b16-958c-98b153d02639,https://data.riksdagen.se/filarkiv/bilder/ledamot/82c56b96-b106-4b16-958c-98b153d02639_80.jpg
Anna,Lasses,C,Stockholms län,Tjänstgörande riksdagsledamot,1977,kvinna,,https://data.riksdagen.se/person/b2b99439-43f1-4b95-8aec-9f1e83044e76,https://data.riksdagen.se/filarkiv/bilder/ledamot/b2b99439-43f1-4b95-8aec-9f1e83044e76_80.jpg
Zara,Leghissa,S,Norrbottens län,Tjänstgörande riksdagsledamot,1970,kvinna,,https://data.riksdagen.se/person/099eed69-c31e-4301-9fc8-9bd5b2c1396c,https://data.riksdagen.se/filarkiv/bilder/ledamot/099eed69-c31e-4301-9fc8-9bd5b2c1396c_80.jpg
Saila,Quicklund,M,Jämtlands län,Tjänstgörande riksdagsledamot,1961,kvinna,,https://data.riksdagen.se/person/243f0434-ae15-41b4-92b6-146a0fb0700a,https://data.riksdagen.se/filarkiv/bilder/ledamot/243f0434-ae15-41b4-92b6-146a0fb0700a_80.jpg
Patrick,Reslow,SD,Malmö kommun,Tjänstgörande riksdagsledamot,1970,man,,https://data.riksdagen.se/person/6aa5f2eb-568a-4853-a925-65fee736b037,https://data.riksdagen.se/filarkiv/bilder/ledamot/6aa5f2eb-568a-4853-a925-65fee736b037_80.jpg
John,Widegren,M,Östergötlands län,Tjänstgörande riksdagsledamot,1980,man,,https://data.riksdagen.se/person/5d1ac61d-4464-41a4-bae0-42ea3782cba8,https://data.riksdagen.se/filarkiv/bilder/ledamot/5d1ac61d-4464-41a4-bae0-42ea3782cba8_80.jpg
Clara,Aranda,SD,Östergötlands län,Tjänstgörande riksdagsledamot,1988,kvinna,,https://data.riksdagen.se/person/6977f22f-363b-40fb-8f8f-8163b4492345,https://data.riksdagen.se/filarkiv/bilder/ledamot/6977f22f-363b-40fb-8f8f-8163b4492345_80.jpg
Magnus,Persson,SD,Skåne läns norra och östra,Tjänstgörande riksdagsledamot,1970,man,,https://data.riksdagen.se/person/de52ae16-706b-4138-a194-aec42fd28aab,https://data.riksdagen.se/filarkiv/bilder/ledamot/de52ae16-706b-4138-a194-aec42fd28aab_80.jpg
Mats,Berglund,MP,Stockholms kommun,Tjänstgörande riksdagsledamot,1970,man,,https://data.riksdagen.se/person/7a3c3bff-401a-45da-9f1b-e92d4a5c2637,https://data.riksdagen.se/filarkiv/bilder/ledamot/7a3c3bff-401a-45da-9f1b-e92d4a5c2637_80.jpg
Ulrika,Heie,C,Västra Götalands läns östra,Tjänstgörande riksdagsledamot,1965,kvinna,,https://data.riksdagen.se/person/8c343e73-ddab-428a-87aa-0ab8e2879ce4,https://data.riksdagen.se/filarkiv/bilder/ledamot/8c343e73-ddab-428a-87aa-0ab8e2879ce4_80.jpg
Joanna,Lewerentz,M,Stockholms län,Tjänstgörande statsrådsersättare,1992,kvinna,,https://data.riksdagen.se/person/92b5ac10-80fc-4905-951d-734abe7fa626,https://data.riksdagen.se/filarkiv/bilder/ledamot/92b5ac10-80fc-4905-951d-734abe7fa626_80.jpg
David,Josefsson,M,Göteborgs kommun,Tjänstgörande riksdagsledamot,1983,man,,https://data.riksdagen.se/person/5d9734c8-d757-4862-8f2e-c292824120a7,https://data.riksdagen.se/filarkiv/bilder/ledamot/5d9734c8-d757-4862-8f2e-c292824120a7_80.jpg
Linus,Sköld,S,Norrbottens län,Tjänstgörande riksdagsledamot,1983,man,,https://data.riksdagen.se/person/d17ef55a-9e3b-4a4d-894e-d57c7fb4973f,https://data.riksdagen.se/filarkiv/bilder/ledamot/d17ef55a-9e3b-4a4d-894e-d57c7fb4973f_80.jpg
Hans,Eklind,KD,Örebro län,Tjänstgörande riksdagsledamot,1966,man,,https://data.riksdagen.se/person/f270f5c5-c28f-4267-8dff-0bead595f631,https://data.riksdagen.se/filarkiv/bilder/ledamot/f270f5c5-c28f-4267-8dff-0bead595f631_80.jpg
Jennie,Wernäng,M,Västra Götalands läns västra,Tjänstgörande statsrådsersättare,1985,kvinna,,https://data.riksdagen.se/person/42d366d4-89aa-4ccf-8e75-38f7d2d9d5eb,https://data.riksdagen.se/filarkiv/bilder/ledamot/42d366d4-89aa-4ccf-8e75-38f7d2d9d5eb_80.jpg
Anna-Belle,Strömberg,S,Västernorrlands län,Tjänstgörande riksdagsledamot,1965,kvinna,,https://data.riksdagen.se/person/0a614b1d-8d24-4794-838d-8fbed7b503c5,https://data.riksdagen.se/filarkiv/bilder/ledamot/0a614b1d-8d24-4794-838d-8fbed7b503c5_80.jpg
Ulrika,Westerlund,MP,Stockholms kommun,Tjänstgörande riksdagsledamot,1972,kvinna,,https://data.riksdagen.se/person/248bc1d8-761c-48b4-9979-7fed912abba7,https://data.riksdagen.se/filarkiv/bilder/ledamot/248bc1d8-761c-48b4-9979-7fed912abba7_80.jpg
Katarina,Luhr,MP,Stockholms kommun,Tjänstgörande riksdagsledamot,1973,kvinna,,https://data.riksdagen.se/person/afba72e1-895f-427e-b7a0-ce3bd362667d,https://data.riksdagen.se/filarkiv/bilder/ledamot/afba72e1-895f-427e-b7a0-ce3bd362667d_80.jpg
Malte,Tängmark Roos,MP,Malmö kommun,Tjänstgörande riksdagsledamot,1994,man,,https://data.riksdagen.se/person/76a97c23-0eb9-4754-a886-1f765467120a,https://data.riksdagen.se/filarkiv/bilder/ledamot/76a97c23-0eb9-4754-a886-1f765467120a_80.jpg
Tobias,Andersson,SD,Västra Götalands läns östra,Tjänstgörande riksdagsledamot,1996,man,,https://data.riksdagen.se/person/5763c159-5105-47b3-82fb-9cc7dc20dc7d,https://data.riksdagen.se/filarkiv/bilder/ledamot/5763c159-5105-47b3-82fb-9cc7dc20dc7d_80.jpg
Ida,Gabrielsson,V,Stockholms kommun,Tjänstgörande riksdagsledamot,1981,kvinna,,https://data.riksdagen.se/person/964e3aff-b4df-4f49-acc1-3bba2afc2f80,https://data.riksdagen.se/filarkiv/bilder/ledamot/964e3aff-b4df-4f49-acc1-3bba2afc2f80_80.jpg
Dan,Hovskär,KD,Västra Götalands läns östra,Tjänstgörande statsrådsersättare,1970,man,,https://data.riksdagen.se/person/7673ff22-b111-483a-99cc-ca77f8cdda38,https://data.riksdagen.se/filarkiv/bilder/ledamot/7673ff22-b111-483a-99cc-ca77f8cdda38_80.jpg
Mauricio,Rojas,L,Skåne läns västra,Tjänstgörande riksdagsledamot,1950,man,,https://data.riksdagen.se/person/9582a1f0-fdb6-4f0e-a066-bc410e032160,https://data.riksdagen.se/filarkiv/bilder/ledamot/9582a1f0-fdb6-4f0e-a066-bc410e032160_80.jpg
Karin,Rågsjö,V,Stockholms kommun,Tjänstgörande riksdagsledamot,1955,kvinna,,https://data.riksdagen.se/person/b250135d-d424-497a-8484-36cb6c0dbf3d,https://data.riksdagen.se/filarkiv/bilder/ledamot/b250135d-d424-497a-8484-36cb6c0dbf3d_80.jpg
Carita,Boulwén,SD,Hallands län,Tjänstgörande riksdagsledamot,1967,kvinna,,https://data.riksdagen.se/person/f07623f4-3f35-425a-a848-d9caf6949d50,https://data.riksdagen.se/filarkiv/bilder/ledamot/f07623f4-3f35-425a-a848-d9caf6949d50_80.jpg
Kenneth G,Forslund,S,Västra Götalands läns västra,Förste vice talman (tjänstgörande riksdagsledamot),1967,man,,https://data.riksdagen.se/person/f1484855-05d7-498f-8872-5a0c33ad535b,https://data.riksdagen.se/filarkiv/bilder/ledamot/f1484855-05d7-498f-8872-5a0c33ad535b_80.jpg
Jan,Riise,MP,Hallands län,Tjänstgörande riksdagsledamot,1957,man,,https://data.riksdagen.se/person/af49e862-937e-42ee-bc2f-06876c979dd6,https://data.riksdagen.se/filarkiv/bilder/ledamot/af49e862-937e-42ee-bc2f-06876c979dd6_80.jpg
Jessica,Wetterling,V,Västra Götalands läns västra,Tjänstgörande riksdagsledamot,1986,kvinna,,https://data.riksdagen.se/person/dc0c1e6e-450b-4763-be41-c3f810d50b72,https://data.riksdagen.se/filarkiv/bilder/ledamot/dc0c1e6e-450b-4763-be41-c3f810d50b72_80.jpg
Malin,Danielsson,L,Stockholms kommun,Tjänstgörande riksdagsledamot,1977,kvinna,,https://data.riksdagen.se/person/b25b78e6-540a-4b6d-8a54-e365587df379,https://data.riksdagen.se/filarkiv/bilder/ledamot/b25b78e6-540a-4b6d-8a54-e365587df379_80.jpg
Ida,Drougge,M,Stockholms län,Tjänstgörande riksdagsledamot,1990,kvinna,,https://data.riksdagen.se/person/e8a2c04d-a186-421b-b1fd-a401f0917673,https://data.riksdagen.se/filarkiv/bilder/ledamot/e8a2c04d-a186-421b-b1fd-a401f0917673_80.jpg
Elsa,Widding,-,Stockholms kommun,Tjänstgörande riksdagsledamot,1968,kvinna,,https://data.riksdagen.se/person/e97a0939-8ba6-40c6-973e-2cc03cfb475c,https://data.riksdagen.se/filarkiv/bilder/ledamot/e97a0939-8ba6-40c6-973e-2cc03cfb475c_80.jpg
Blåvitt,Elofsson,S,Värmlands län,Tjänstgörande riksdagsledamot,1953,man,,https://data.riksdagen.se/person/e44d8070-b7cd-49cd-bd33-09dd13649a9e,https://data.riksdagen.se/filarkiv/bilder/ledamot/e44d8070-b7cd-49cd-bd33-09dd13649a9e_80.jpg
Angelica,Lundberg,SD,Västmanlands län,Tjänstgörande riksdagsledamot,1981,kvinna,,https://data.riksdagen.se/person/a7ca5ca6-2e77-4360-8369-0671993019c4,https://data.riksdagen.se/filarkiv/bilder/ledamot/a7ca5ca6-2e77-4360-8369-0671993019c4_80.jpg
Mats,Hellhoff,SD,Västernorrlands län,Tjänstgörande riksdagsledamot,1954,man,,https://data.riksdagen.se/person/817a9e2d-db07-44d6-9d9a-abd9f7fc2a86,https://data.riksdagen.se/filarkiv/bilder/ledamot/817a9e2d-db07-44d6-9d9a-abd9f7fc2a86_80.jpg
Robert,Olesen,S,Kronobergs län,Tjänstgörande riksdagsledamot,1975,man,,https://data.riksdagen.se/person/636bf682-393b-4ceb-a1d2-3172d8562627,https://data.riksdagen.se/filarkiv/bilder/ledamot/636bf682-393b-4ceb-a1d2-3172d8562627_80.jpg
Jörgen,Grubb,SD,Västra Götalands läns östra,Tjänstgörande riksdagsledamot,1962,man,,https://data.riksdagen.se/person/086bff3d-8adb-47c2-b5dc-86d4a9f1b191,https://data.riksdagen.se/filarkiv/bilder/ledamot/086bff3d-8adb-47c2-b5dc-86d4a9f1b191_80.jpg
Malin,Östh,V,Östergötlands län,Tjänstgörande riksdagsledamot,1972,kvinna,,https://data.riksdagen.se/person/213706b8-3269-48df-a5b5-8b9b466e2786,https://data.riksdagen.se/filarkiv/bilder/ledamot/213706b8-3269-48df-a5b5-8b9b466e2786_80.jpg
Cecilia,Rönn,L,Hallands län,Tjänstgörande riksdagsledamot,1980,kvinna,,https://data.riksdagen.se/person/5a57c315-9b8d-4ef6-bd2b-c26e53a6d3b7,https://data.riksdagen.se/filarkiv/bilder/ledamot/5a57c315-9b8d-4ef6-bd2b-c26e53a6d3b7_80.jpg
Anders,Ekegren,L,Stockholms kommun,Tjänstgörande statsrådsersättare,1957,man,,https://data.riksdagen.se/person/e471dfa7-4839-4dc3-8784-8af20ce8e403,https://data.riksdagen.se/filarkiv/bilder/ledamot/e471dfa7-4839-4dc3-8784-8af20ce8e403_80.jpg
Tomas,Kronståhl,S,Kalmar län,Tjänstgörande riksdagsledamot,1967,man,,https://data.riksdagen.se/person/173d7387-fa63-4689-ac8c-e12f278487bd,https://data.riksdagen.se/filarkiv/bilder/ledamot/173d7387-fa63-4689-ac8c-e12f278487bd_80.jpg
Mathias,Bengtsson,KD,Dalarnas län,Tjänstgörande riksdagsledamot,1998,man,,https://data.riksdagen.se/person/75d88062-5bda-4ead-9b9e-3f90184afa11,https://data.riksdagen.se/filarkiv/bilder/ledamot/75d88062-5bda-4ead-9b9e-3f90184afa11_80.jpg
Larry,Söder,KD,Hallands län,Tjänstgörande riksdagsledamot,1969,man,,https://data.riksdagen.se/person/e238e06a-acac-4fae-829c-1773ee851878,https://data.riksdagen.se/filarkiv/bilder/ledamot/e238e06a-acac-4fae-829c-1773ee851878_80.jpg
Teresa,Carvalho,S,Östergötlands län,Tjänstgörande riksdagsledamot,1984,kvinna,,https://data.riksdagen.se/person/3d764cf6-705b-460b-8226-df8f1226b27b,https://data.riksdagen.se/filarkiv/bilder/ledamot/3d764cf6-705b-460b-8226-df8f1226b27b_80.jpg
Magnus,Jacobsson,KD,Västra Götalands läns norra,Tjänstgörande riksdagsledamot,1968,man,,https://data.riksdagen.se/person/d7c3282f-83e4-11d4-ae60-0050040c9b55,https://data.riksdagen.se/filarkiv/bilder/ledamot/d7c3282f-83e4-11d4-ae60-0050040c9b55_80.jpg
Elin,Nilsson,L,Örebro län,Tjänstgörande riksdagsledamot,1982,kvinna,,https://data.riksdagen.se/person/f3d46888-d821-4678-b931-af170a932f3c,https://data.riksdagen.se/filarkiv/bilder/ledamot/f3d46888-d821-4678-b931-af170a932f3c_80.jpg
Johan,Löfstrand,S,Östergötlands län,Tjänstgörande riksdagsledamot,1976,man,,https://data.riksdagen.se/person/eaf0fa85-8858-4e0e-97d8-daee0a771d1f,https://data.riksdagen.se/filarkiv/bilder/ledamot/eaf0fa85-8858-4e0e-97d8-daee0a771d1f_80.jpg
Annika,Hirvonen,MP,Stockholms län,Tjänstgörande riksdagsledamot,1989,kvinna,,https://data.riksdagen.se/person/a9346ffe-2c1f-4e2b-b686-d8248a3d0db2,https://data.riksdagen.se/filarkiv/bilder/ledamot/a9346ffe-2c1f-4e2b-b686-d8248a3d0db2_80.jpg
Camilla,Hansén,MP,Örebro län,Tjänstgörande riksdagsledamot,1976,kvinna,,https://data.riksdagen.se/person/94f81deb-b316-4a83-8712-1e4d9f102ec2,https://data.riksdagen.se/filarkiv/bilder/ledamot/94f81deb-b316-4a83-8712-1e4d9f102ec2_80.jpg
Helén,Pettersson,S,Västerbottens län,Tjänstgörande riksdagsledamot,1972,kvinna,,https://data.riksdagen.se/person/13c0a836-8abf-453d-92d0-44d009c27f85,https://data.riksdagen.se/filarkiv/bilder/ledamot/13c0a836-8abf-453d-92d0-44d009c27f85_80.jpg
Jimmie,Åkesson,SD,Jönköpings län,Tjänstgörande riksdagsledamot,1979,man,,https://data.riksdagen.se/person/5ecb17ba-ebbe-4958-a142-a5134aff9808,https://data.riksdagen.se/filarkiv/bilder/ledamot/5ecb17ba-ebbe-4958-a142-a5134aff9808_80.jpg
Magdalena,Andersson,S,Stockholms län,Tjänstgörande riksdagsledamot,1967,kvinna,,https://data.riksdagen.se/person/dcc2ab7d-3fc1-4a28-b3c7-be1679c047b3,https://data.riksdagen.se/filarkiv/bilder/ledamot/dcc2ab7d-3fc1-4a28-b3c7-be1679c047b3_80.jpg
Mattias,Karlsson,M,Norrbottens län,Tjänstgörande riksdagsledamot,1972,man,Luleå,https://data.riksdagen.se/person/951f7039-b277-4696-ab49-7f0df0f39d1a,https://data.riksdagen.se/filarkiv/bilder/ledamot/951f7039-b277-4696-ab49-7f0df0f39d1a_80.jpg
Julia,Kronlid,SD,Stockholms län,Andre vice talman (tjänstgörande riksdagsledamot),1980,kvinna,,https://data.riksdagen.se/person/04727b66-64cd-4880-be85-dc8fe873bf8d,https://data.riksdagen.se/filarkiv/bilder/ledamot/04727b66-64cd-4880-be85-dc8fe873bf8d_80.jpg
Lena,Hallengren,S,Kalmar län,Tjänstgörande riksdagsledamot,1973,kvinna,,https://data.riksdagen.se/person/3c5cc43c-e4cd-11d6-ae81-0004755038ce,https://data.riksdagen.se/filarkiv/bilder/ledamot/3c5cc43c-e4cd-11d6-ae81-0004755038ce_80.jpg
Viktor,Wärnick,M,Gävleborgs län,Tjänstgörande riksdagsledamot,1991,man,,https://data.riksdagen.se/person/7cdc7712-4bb7-4361-8b72-8f98a111d0c5,https://data.riksdagen.se/filarkiv/bilder/ledamot/7cdc7712-4bb7-4361-8b72-8f98a111d0c5_80.jpg
Matilda,Ernkrans,S,Örebro län,Tjänstgörande riksdagsledamot,1973,kvinna,,https://data.riksdagen.se/person/8166bd73-bf10-4ef8-8e01-1975ca921c12,https://data.riksdagen.se/filarkiv/bilder/ledamot/8166bd73-bf10-4ef8-8e01-1975ca921c12_80.jpg
Mikael,Damberg,S,Stockholms län,Tjänstgörande riksdagsledamot,1971,man,,https://data.riksdagen.se/person/70b5dfce-7871-4e6e-b0bf-a0d482fa4c6b,https://data.riksdagen.se/filarkiv/bilder/ledamot/70b5dfce-7871-4e6e-b0bf-a0d482fa4c6b_80.jpg
Camilla,Brodin,KD,Stockholms kommun,Tjänstgörande riksdagsledamot,1979,kvinna,,https://data.riksdagen.se/person/86c365a5-452c-4bca-8871-45bf67a44645,https://data.riksdagen.se/filarkiv/bilder/ledamot/86c365a5-452c-4bca-8871-45bf67a44645_80.jpg
Henrik,Vinge,SD,Stockholms kommun,Tjänstgörande riksdagsledamot,1988,man,,https://data.riksdagen.se/person/1d7d8c9a-7879-4be3-8554-745991b615d2,https://data.riksdagen.se/filarkiv/bilder/ledamot/1d7d8c9a-7879-4be3-8554-745991b615d2_80.jpg
Niklas,Karlsson,S,Skåne läns västra,Tjänstgörande riksdagsledamot,1974,man,,https://data.riksdagen.se/person/b20fb574-b44c-42af-ae93-064dfabbffaf,https://data.riksdagen.se/filarkiv/bilder/ledamot/b20fb574-b44c-42af-ae93-064dfabbffaf_80.jpg
Aylin,Nouri,S,Västra Götalands läns västra,Tjänstgörande riksdagsledamot,1992,kvinna,,https://data.riksdagen.se/person/d6bcb84c-0102-4eca-b564-c21bd7cf1f4e,https://data.riksdagen.se/filarkiv/bilder/ledamot/d6bcb84c-0102-4eca-b564-c21bd7cf1f4e_80.jpg
Ardalan,Shekarabi,S,Uppsala län,Tjänstgörande riksdagsledamot,1978,man,,https://data.riksdagen.se/person/b2bb1d34-0f20-4daf-b26e-8916bb911075,https://data.riksdagen.se/filarkiv/bilder/ledamot/b2bb1d34-0f20-4daf-b26e-8916bb911075_80.jpg
Fredrik,Lundh Sammeli,S,Norrbottens län,Tjänstgörande riksdagsledamot,1977,man,,https://data.riksdagen.se/person/19d6281a-a1fc-4399-9631-89acf6420f42,https://data.riksdagen.se/filarkiv/bilder/ledamot/19d6281a-a1fc-4399-9631-89acf6420f42_80.jpg
Dennis,Dioukarev,SD,Göteborgs kommun,Tjänstgörande riksdagsledamot,1993,man,,https://data.riksdagen.se/person/13a59e93-95fe-45fb-b7b5-a76f8181cb4f,https://data.riksdagen.se/filarkiv/bilder/ledamot/13a59e93-95fe-45fb-b7b5-a76f8181cb4f_80.jpg
Daniel,Helldén,MP,Stockholms kommun,Tjänstgörande riksdagsledamot,1965,man,,https://data.riksdagen.se/person/164a2468-a56f-45a7-a8a1-5ab6af559e19,https://data.riksdagen.se/filarkiv/bilder/ledamot/164a2468-a56f-45a7-a8a1-5ab6af559e19_80.jpg
Nooshi,Dadgostar,V,Stockholms län,Tjänstgörande riksdagsledamot,1985,kvinna,,https://data.riksdagen.se/person/78d79a96-956f-4ac3-bbf7-2b15b3d86ce7,https://data.riksdagen.se/filarkiv/bilder/ledamot/78d79a96-956f-4ac3-bbf7-2b15b3d86ce7_80.jpg
Bo,Broman,SD,Skåne läns västra,Tjänstgörande riksdagsledamot,1969,man,,https://data.riksdagen.se/person/24c753af-11ea-4c6f-90f9-f4142fc71e19,https://data.riksdagen.se/filarkiv/bilder/ledamot/24c753af-11ea-4c6f-90f9-f4142fc71e19_80.jpg
Martin,Kinnunen,SD,Stockholms län,Tjänstgörande riksdagsledamot,1983,man,,https://data.riksdagen.se/person/57cbe134-829b-4fb8-9cc1-ce2f1cd02f3b,https://data.riksdagen.se/filarkiv/bilder/ledamot/57cbe134-829b-4fb8-9cc1-ce2f1cd02f3b_80.jpg
Mathias,Tegnér,S,Stockholms län,Tjänstgörande riksdagsledamot,1979,man,,https://data.riksdagen.se/person/2091e357-e195-430b-8dab-7e13732ffa41,https://data.riksdagen.se/filarkiv/bilder/ledamot/2091e357-e195-430b-8dab-7e13732ffa41_80.jpg
Mattias,Eriksson Falk,SD,Södermanlands län,Tjänstgörande riksdagsledamot,1990,man,,https://data.riksdagen.se/person/fc08ef89-9166-4a91-bf69-0bfb4effae05,https://data.riksdagen.se/filarkiv/bilder/ledamot/fc08ef89-9166-4a91-bf69-0bfb4effae05_80.jpg
Charlotte,Quensel,SD,Värmlands län,Tjänstgörande riksdagsledamot,1961,kvinna,,https://data.riksdagen.se/person/a4dcaec3-1333-46f3-a7df-632d40399505,https://data.riksdagen.se/filarkiv/bilder/ledamot/a4dcaec3-1333-46f3-a7df-632d40399505_80.jpg
Mikael,Dahlqvist,S,Värmlands län,Tjänstgörande riksdagsledamot,1967,man,,https://data.riksdagen.se/person/4db15792-072c-456e-a46c-6d0cee07889e,https://data.riksdagen.se/filarkiv/bilder/ledamot/4db15792-072c-456e-a46c-6d0cee07889e_80.jpg
Ingela,Nylund Watz,S,Stockholms län,Tjänstgörande riksdagsledamot,1962,kvinna,,https://data.riksdagen.se/person/9cd4ce1a-c1f5-4743-aed6-8e60569e9947,https://data.riksdagen.se/filarkiv/bilder/ledamot/9cd4ce1a-c1f5-4743-aed6-8e60569e9947_80.jpg
Johan,Büser,S,Göteborgs kommun,Tjänstgörande riksdagsledamot,1983,man,,https://data.riksdagen.se/person/90110ece-022e-4e0f-bb4e-f5102900fa9a,https://data.riksdagen.se/filarkiv/bilder/ledamot/90110ece-022e-4e0f-bb4e-f5102900fa9a_80.jpg
Carina,Ödebrink,S,Jönköpings län,Tjänstgörande riksdagsledamot,1961,kvinna,,https://data.riksdagen.se/person/10b75fcf-dbac-4fba-9773-7e8889c237b2,https://data.riksdagen.se/filarkiv/bilder/ledamot/10b75fcf-dbac-4fba-9773-7e8889c237b2_80.jpg
Kadir,Kasirga,S,Stockholms kommun,Tjänstgörande riksdagsledamot,1975,man,,https://data.riksdagen.se/person/81e7b3dd-c260-45d1-89a7-ddd6cbe6582d,https://data.riksdagen.se/filarkiv/bilder/ledamot/81e7b3dd-c260-45d1-89a7-ddd6cbe6582d_80.jpg
Edward,Riedl,M,Västerbottens län,Tjänstgörande riksdagsledamot,1976,man,,https://data.riksdagen.se/person/eaa4ca85-20f4-4375-8b76-61febbcf37f6,https://data.riksdagen.se/filarkiv/bilder/ledamot/eaa4ca85-20f4-4375-8b76-61febbcf37f6_80.jpg
Jessica,Rodén,S,Västra Götalands läns södra,Tjänstgörande riksdagsledamot,1976,kvinna,,https://data.riksdagen.se/person/86ae6051-9a2a-46a7-8a37-730918cdc428,https://data.riksdagen.se/filarkiv/bilder/ledamot/86ae6051-9a2a-46a7-8a37-730918cdc428_80.jpg
Lars,Isacsson,S,Dalarnas län,Tjänstgörande riksdagsledamot,1970,man,,https://data.riksdagen.se/person/2db22586-e7ae-4d0a-ac59-6a3a99b8e364,https://data.riksdagen.se/filarkiv/bilder/ledamot/2db22586-e7ae-4d0a-ac59-6a3a99b8e364_80.jpg
Louise,Thunström,S,Västra Götalands läns norra,Tjänstgörande riksdagsledamot,1973,kvinna,,https://data.riksdagen.se/person/ee34af33-039e-4eaa-b7dc-819721bb8ce9,https://data.riksdagen.se/filarkiv/bilder/ledamot/ee34af33-039e-4eaa-b7dc-819721bb8ce9_80.jpg
Adam,Marttinen,SD,Södermanlands län,Tjänstgörande riksdagsledamot,1983,man,,https://data.riksdagen.se/person/db2ca6ff-5620-4ece-8d31-97777f2efb48,https://data.riksdagen.se/filarkiv/bilder/ledamot/db2ca6ff-5620-4ece-8d31-97777f2efb48_80.jpg
Petter,Löberg,S,Västra Götalands läns södra,Tjänstgörande riksdagsledamot,1968,man,,https://data.riksdagen.se/person/7826c819-d0da-4e4a-a16b-ffa3d8e9b155,https://data.riksdagen.se/filarkiv/bilder/ledamot/7826c819-d0da-4e4a-a16b-ffa3d8e9b155_80.jpg
Mikael,Damsgaard,M,Västmanlands län,Tjänstgörande riksdagsledamot,1976,man,,https://data.riksdagen.se/person/cd568a26-75c0-401e-a4de-d43589a8dc21,https://data.riksdagen.se/filarkiv/bilder/ledamot/cd568a26-75c0-401e-a4de-d43589a8dc21_80.jpg
Anna,Wallentheim,S,Skåne läns norra och östra,Tjänstgörande riksdagsledamot,1985,kvinna,,https://data.riksdagen.se/person/200035cd-228a-4afa-8849-844f2c1e35fb,https://data.riksdagen.se/filarkiv/bilder/ledamot/200035cd-228a-4afa-8849-844f2c1e35fb_80.jpg
Mattias,Vepsä,S,Stockholms kommun,Tjänstgörande riksdagsledamot,1980,man,,https://data.riksdagen.se/person/b20fb0ab-e161-4d7a-acc9-57c3923d5456,https://data.riksdagen.se/filarkiv/bilder/ledamot/b20fb0ab-e161-4d7a-acc9-57c3923d5456_80.jpg
Sanna,Backeskog,S,Gävleborgs län,Tjänstgörande riksdagsledamot,1985,kvinna,,https://data.riksdagen.se/person/c201c018-27e1-4f3f-88b1-4ab748edf883,https://data.riksdagen.se/filarkiv/bilder/ledamot/c201c018-27e1-4f3f-88b1-4ab748edf883_80.jpg
Markus,Wiechel,SD,Västra Götalands läns norra,Tjänstgörande riksdagsledamot,1988,man,,https://data.riksdagen.se/person/8a9f3c8c-8ce8-4a17-9e57-0109af47efcc,https://data.riksdagen.se/filarkiv/bilder/ledamot/8a9f3c8c-8ce8-4a17-9e57-0109af47efcc_80.jpg
Mattias,Jonsson,S,Göteborgs kommun,Tjänstgörande riksdagsledamot,1974,man,,https://data.riksdagen.se/person/9ae916dd-799d-4d2b-80c4-f00bc5a7344d,https://data.riksdagen.se/filarkiv/bilder/ledamot/9ae916dd-799d-4d2b-80c4-f00bc5a7344d_80.jpg
Azadeh,Rojhan,S,Stockholms län,Tjänstgörande riksdagsledamot,1986,kvinna,,https://data.riksdagen.se/person/c325b529-3455-44a2-acd2-597698b321a6,https://data.riksdagen.se/filarkiv/bilder/ledamot/c325b529-3455-44a2-acd2-597698b321a6_80.jpg
Denis,Begic,S,Örebro län,Tjänstgörande riksdagsledamot,1970,man,,https://data.riksdagen.se/person/47705a06-b78d-469f-9ebe-8f7407607be6,https://data.riksdagen.se/filarkiv/bilder/ledamot/47705a06-b78d-469f-9ebe-8f7407607be6_80.jpg
Sofia,Amloh,S,Södermanlands län,Tjänstgörande riksdagsledamot,1986,kvinna,,https://data.riksdagen.se/person/359e75f3-519e-49d7-b155-ada488e621ea,https://data.riksdagen.se/filarkiv/bilder/ledamot/359e75f3-519e-49d7-b155-ada488e621ea_80.jpg
Michael,Rubbestad,SD,Örebro län,Tjänstgörande riksdagsledamot,1980,man,,https://data.riksdagen.se/person/6025366f-76b8-4664-a3ef-ea0864fc8365,https://data.riksdagen.se/filarkiv/bilder/ledamot/6025366f-76b8-4664-a3ef-ea0864fc8365_80.jpg
Kristoffer,Lindberg,S,Gävleborgs län,Tjänstgörande riksdagsledamot,1992,man,,https://data.riksdagen.se/person/9842d41a-513d-4030-9799-7a44b6d775ce,https://data.riksdagen.se/filarkiv/bilder/ledamot/9842d41a-513d-4030-9799-7a44b6d775ce_80.jpg
Arber,Gashi,S,Hallands län,Tjänstgörande riksdagsledamot,1994,man,,https://data.riksdagen.se/person/c643fdd9-746d-40da-9ee9-8aa25123e221,https://data.riksdagen.se/filarkiv/bilder/ledamot/c643fdd9-746d-40da-9ee9-8aa25123e221_80.jpg
Isak,From,S,Västerbottens län,Tjänstgörande riksdagsledamot,1967,man,,https://data.riksdagen.se/person/cebc9890-55f1-41ff-acc7-af2de3e4320e,https://data.riksdagen.se/filarkiv/bilder/ledamot/cebc9890-55f1-41ff-acc7-af2de3e4320e_80.jpg
Lars-Ingvar,Ljungman,M,Skåne läns södra,Tjänstgörande ersättare,1953,man,,https://data.riksdagen.se/person/27134d9f-49f1-4cb0-884a-1aab32a6d429,https://data.riksdagen.se/filarkiv/bilder/ledamot/27134d9f-49f1-4cb0-884a-1aab32a6d429_80.jpg
Oliver,Rosengren,M,Kronobergs län,Tjänstgörande riksdagsledamot,1992,man,,https://data.riksdagen.se/person/6dc591b2-0f19-47a8-a143-355f8490952f,https://data.riksdagen.se/filarkiv/bilder/ledamot/6dc591b2-0f19-47a8-a143-355f8490952f_80.jpg
Merit,Frost Lindberg,M,Stockholms kommun,Tjänstgörande statsrådsersättare,1973,kvinna,,https://data.riksdagen.se/person/20345589-95e2-4dc0-aec9-89a5c85d55dc,https://data.riksdagen.se/filarkiv/bilder/ledamot/20345589-95e2-4dc0-aec9-89a5c85d55dc_80.jpg
Malin,Höglund,M,Dalarnas län,Tjänstgörande riksdagsledamot,1969,kvinna,,https://data.riksdagen.se/person/90a36b36-2870-4c28-8df1-637a2eb12e8e,https://data.riksdagen.se/filarkiv/bilder/ledamot/90a36b36-2870-4c28-8df1-637a2eb12e8e_80.jpg
Thomas,Ragnarsson,M,Kronobergs län,Tjänstgörande riksdagsledamot,1970,man,,https://data.riksdagen.se/person/90b66947-2ca5-450f-a304-6e3d8af3dcb6,https://data.riksdagen.se/filarkiv/bilder/ledamot/90b66947-2ca5-450f-a304-6e3d8af3dcb6_80.jpg
Noria,Manouchi,M,Malmö kommun,Tjänstgörande riksdagsledamot,1991,kvinna,,https://data.riksdagen.se/person/2d211f58-34b9-44c9-b2f0-def45ed3e03c,https://data.riksdagen.se/filarkiv/bilder/ledamot/2d211f58-34b9-44c9-b2f0-def45ed3e03c_80.jpg
Marie,Olsson,S,Dalarnas län,Tjänstgörande riksdagsledamot,1967,kvinna,,https://data.riksdagen.se/person/f1f00905-525e-43fb-bbd2-e15aa3ff1be1,https://data.riksdagen.se/filarkiv/bilder/ledamot/f1f00905-525e-43fb-bbd2-e15aa3ff1be1_80.jpg
Agneta,Nilsson,S,Skåne läns västra,Tjänstgörande riksdagsledamot,1956,kvinna,,https://data.riksdagen.se/person/889d11ae-8749-46fa-b850-bf6aeeb8f1aa,https://data.riksdagen.se/filarkiv/bilder/ledamot/889d11ae-8749-46fa-b850-bf6aeeb8f1aa_80.jpg
Emma,Nohrén,MP,Göteborgs kommun,Tjänstgörande riksdagsledamot,1980,kvinna,,https://data.riksdagen.se/person/3dab7025-7152-4c7f-bd60-eb6a1de42c3b,https://data.riksdagen.se/filarkiv/bilder/ledamot/3dab7025-7152-4c7f-bd60-eb6a1de42c3b_80.jpg
Kajsa,Fredholm,V,Dalarnas län,Tjänstgörande riksdagsledamot,1961,kvinna,,https://data.riksdagen.se/person/c3c2df0f-3fa1-4a0a-8519-0043d858af2e,https://data.riksdagen.se/filarkiv/bilder/ledamot/c3c2df0f-3fa1-4a0a-8519-0043d858af2e_80.jpg
Jesper,Skalberg Karlsson,M,Gotlands län,Tjänstgörande riksdagsledamot,1993,man,,https://data.riksdagen.se/person/2f1a9d57-c488-4c8f-89cb-c1fb7e735170,https://data.riksdagen.se/filarkiv/bilder/ledamot/2f1a9d57-c488-4c8f-89cb-c1fb7e735170_80.jpg
Magnus,Oscarsson,KD,Östergötlands län,Tjänstgörande riksdagsledamot,1970,man,,https://data.riksdagen.se/person/0d218eb6-6294-4587-8abf-be0a351d7213,https://data.riksdagen.se/filarkiv/bilder/ledamot/0d218eb6-6294-4587-8abf-be0a351d7213_80.jpg
David,Perez,SD,Uppsala län,Tjänstgörande riksdagsledamot,1990,man,,https://data.riksdagen.se/person/c5cc2c67-3638-430e-bccb-a04db799a9f0,https://data.riksdagen.se/filarkiv/bilder/ledamot/c5cc2c67-3638-430e-bccb-a04db799a9f0_80.jpg
Mats,Persson,L,Skåne läns södra,Tjänstgörande riksdagsledamot,1980,man,,https://data.riksdagen.se/person/66fca0ac-0ebb-4bd0-b1e1-f34e223d2f1b,https://data.riksdagen.se/filarkiv/bilder/ledamot/66fca0ac-0ebb-4bd0-b1e1-f34e223d2f1b_80.jpg
Mats,Green,M,Jönköpings län,Tjänstgörande riksdagsledamot,1979,man,,https://data.riksdagen.se/person/d5c26045-6fd1-4c05-8f97-7195e1e324ff,https://data.riksdagen.se/filarkiv/bilder/ledamot/d5c26045-6fd1-4c05-8f97-7195e1e324ff_80.jpg
Ilona,Szatmári Waldau,V,Uppsala län,Tjänstgörande riksdagsledamot,1962,kvinna,,https://data.riksdagen.se/person/ffe5107b-dc51-4209-ae87-9eabf8fe014d,https://data.riksdagen.se/filarkiv/bilder/ledamot/ffe5107b-dc51-4209-ae87-9eabf8fe014d_80.jpg
Isabell,Mixter,V,Västernorrlands län,Tjänstgörande riksdagsledamot,1989,kvinna,,https://data.riksdagen.se/person/365adb89-478a-4061-880a-f1113e1267d7,https://data.riksdagen.se/filarkiv/bilder/ledamot/365adb89-478a-4061-880a-f1113e1267d7_80.jpg
Erik,Ottoson,M,Stockholms län,Tjänstgörande riksdagsledamot,1989,man,,https://data.riksdagen.se/person/0f90ef03-a652-45a1-b697-39a33b32e512,https://data.riksdagen.se/filarkiv/bilder/ledamot/0f90ef03-a652-45a1-b697-39a33b32e512_80.jpg
Anna-Caren,Sätherberg,S,Jämtlands län,Tjänstgörande riksdagsledamot,1964,kvinna,,https://data.riksdagen.se/person/c2917e84-a1f8-4de8-9c71-a492eee1f43f,https://data.riksdagen.se/filarkiv/bilder/ledamot/c2917e84-a1f8-4de8-9c71-a492eee1f43f_80.jpg
Joakim,Järrebring,S,Västra Götalands läns västra,Tjänstgörande riksdagsledamot,1976,man,,https://data.riksdagen.se/person/a6a8678d-8fe2-414c-9dc4-da76ad161d23,https://data.riksdagen.se/filarkiv/bilder/ledamot/a6a8678d-8fe2-414c-9dc4-da76ad161d23_80.jpg
Björn,Wiechel,S,Västerbottens län,Tjänstgörande riksdagsledamot,1983,man,,https://data.riksdagen.se/person/7ef75999-90a2-41af-a083-6dfd70e8e3e8,https://data.riksdagen.se/filarkiv/bilder/ledamot/7ef75999-90a2-41af-a083-6dfd70e8e3e8_80.jpg
Amanda,Palmstierna,MP,Stockholms län,Tjänstgörande riksdagsledamot,1977,kvinna,,https://data.riksdagen.se/person/d12313ba-680b-4784-b858-5c9e6db692e7,https://data.riksdagen.se/filarkiv/bilder/ledamot/d12313ba-680b-4784-b858-5c9e6db692e7_80.jpg
Jennie,Nilsson,S,Hallands län,Tjänstgörande riksdagsledamot,1972,kvinna,,https://data.riksdagen.se/person/4c6f215d-de3a-452d-83b5-f472b8668b7e,https://data.riksdagen.se/filarkiv/bilder/ledamot/4c6f215d-de3a-452d-83b5-f472b8668b7e_80.jpg
Anders,Ygeman,S,Stockholms kommun,Tjänstgörande riksdagsledamot,1970,man,,https://data.riksdagen.se/person/d7c3235d-83e4-11d4-ae60-0050040c9b55,https://data.riksdagen.se/filarkiv/bilder/ledamot/d7c3235d-83e4-11d4-ae60-0050040c9b55_80.jpg
Lorena,Delgado Varas,-,Stockholms kommun,Tjänstgörande riksdagsledamot,1974,kvinna,,https://data.riksdagen.se/person/d3874590-31fb-4743-8d55-2565df5ed8af,https://data.riksdagen.se/filarkiv/bilder/ledamot/d3874590-31fb-4743-8d55-2565df5ed8af_80.jpg
Ciczie,Weidby,V,Jönköpings län,Tjänstgörande riksdagsledamot,1974,kvinna,,https://data.riksdagen.se/person/b34f05f5-d73a-428c-88a1-4e112c650498,https://data.riksdagen.se/filarkiv/bilder/ledamot/b34f05f5-d73a-428c-88a1-4e112c650498_80.jpg
Helena,Gellerman,L,Västra Götalands läns västra,Tjänstgörande riksdagsledamot,1960,kvinna,,https://data.riksdagen.se/person/5e7c5792-d4ff-4d8e-999f-92e1a7af86f3,https://data.riksdagen.se/filarkiv/bilder/ledamot/5e7c5792-d4ff-4d8e-999f-92e1a7af86f3_80.jpg
Lars Mejern,Larsson,S,Värmlands län,Tjänstgörande riksdagsledamot,1965,man,,https://data.riksdagen.se/person/3badc18d-3c4a-4068-921a-b5fa8a9652d6,https://data.riksdagen.se/filarkiv/bilder/ledamot/3badc18d-3c4a-4068-921a-b5fa8a9652d6_80.jpg
Per-Arne,Håkansson,S,Skåne läns norra och östra,Tjänstgörande riksdagsledamot,1963,man,,https://data.riksdagen.se/person/0ba9f702-555f-419f-89fb-7e1234ae1171,https://data.riksdagen.se/filarkiv/bilder/ledamot/0ba9f702-555f-419f-89fb-7e1234ae1171_80.jpg
Anna,Vikström,S,Stockholms län,Tjänstgörande riksdagsledamot,1957,kvinna,,https://data.riksdagen.se/person/fb0337ec-a1b0-440e-b9b4-a48e99fd415c,https://data.riksdagen.se/filarkiv/bilder/ledamot/fb0337ec-a1b0-440e-b9b4-a48e99fd415c_80.jpg
Rose-Marie,Carlsson,S,Malmö kommun,Tjänstgörande riksdagsledamot,1954,kvinna,,https://data.riksdagen.se/person/cec58a3b-4801-40f0-8f41-1a4c0e301f88,https://data.riksdagen.se/filarkiv/bilder/ledamot/cec58a3b-4801-40f0-8f41-1a4c0e301f88_80.jpg
Johnny,Svedin,SD,Norrbottens län,Tjänstgörande riksdagsledamot,1969,man,,https://data.riksdagen.se/person/ac31f20a-3134-4fc2-9345-99131f4a2ec9,https://data.riksdagen.se/filarkiv/bilder/ledamot/ac31f20a-3134-4fc2-9345-99131f4a2ec9_80.jpg
Ulrika,Liljeberg,C,Dalarnas län,Tjänstgörande riksdagsledamot,1969,kvinna,,https://data.riksdagen.se/person/c9f2dae4-4f93-4363-98c6-c20adf4ba794,https://data.riksdagen.se/filarkiv/bilder/ledamot/c9f2dae4-4f93-4363-98c6-c20adf4ba794_80.jpg
Mats,Wiking,S,Västra Götalands läns norra,Tjänstgörande riksdagsledamot,1961,man,,https://data.riksdagen.se/person/d235dd08-8b15-4e31-aec7-b380a1c1ac0b,https://data.riksdagen.se/filarkiv/bilder/ledamot/d235dd08-8b15-4e31-aec7-b380a1c1ac0b_80.jpg
Andreas,Lennkvist Manriquez,V,Stockholms kommun,Tjänstgörande riksdagsledamot,1994,man,,https://data.riksdagen.se/person/edd967aa-9d04-4bc1-946a-708955b2a17d,https://data.riksdagen.se/filarkiv/bilder/ledamot/edd967aa-9d04-4bc1-946a-708955b2a17d_80.jpg
Mirja,Räihä,S,Stockholms kommun,Tjänstgörande riksdagsledamot,1959,kvinna,,https://data.riksdagen.se/person/04f42c2c-9467-4900-ae83-068c93492e09,https://data.riksdagen.se/filarkiv/bilder/ledamot/04f42c2c-9467-4900-ae83-068c93492e09_80.jpg
Åsa,Karlsson,S,Västerbottens län,Tjänstgörande riksdagsledamot,1973,kvinna,,https://data.riksdagen.se/person/317c6cc9-dcd5-4dcc-b275-9e17d973da4c,https://data.riksdagen.se/filarkiv/bilder/ledamot/317c6cc9-dcd5-4dcc-b275-9e17d973da4c_80.jpg
Eric,Palmqvist,SD,Norrbottens län,Tjänstgörande riksdagsledamot,1970,man,,https://data.riksdagen.se/person/fc3b3864-8e29-4fd4-ae65-fe387f3f6f4b,https://data.riksdagen.se/filarkiv/bilder/ledamot/fc3b3864-8e29-4fd4-ae65-fe387f3f6f4b_80.jpg
Malin,Larsson,S,Västernorrlands län,Tjänstgörande riksdagsledamot,1980,kvinna,,https://data.riksdagen.se/person/39523176-322e-469e-a754-3c46db2b0756,https://data.riksdagen.se/filarkiv/bilder/ledamot/39523176-322e-469e-a754-3c46db2b0756_80.jpg
Christian,Lindefjärd,SD,Stockholms län,Tjänstgörande riksdagsledamot,1976,man,,https://data.riksdagen.se/person/25d7a9da-bc5f-47b4-8de1-73a4a09ef5dc,https://data.riksdagen.se/filarkiv/bilder/ledamot/25d7a9da-bc5f-47b4-8de1-73a4a09ef5dc_80.jpg
Gunilla,Carlsson,S,Göteborgs kommun,Tjänstgörande riksdagsledamot,1966,kvinna,,https://data.riksdagen.se/person/11d950d5-e41f-4e94-af86-ae8a1996d81b,https://data.riksdagen.se/filarkiv/bilder/ledamot/11d950d5-e41f-4e94-af86-ae8a1996d81b_80.jpg
Staffan,Eklöf,SD,Jönköpings län,Tjänstgörande riksdagsledamot,1965,man,,https://data.riksdagen.se/person/5c165eb8-a2d3-4991-8732-430ea585d763,https://data.riksdagen.se/filarkiv/bilder/ledamot/5c165eb8-a2d3-4991-8732-430ea585d763_80.jpg
Lotta,Johnsson Fornarve,V,Södermanlands län,Tjänstgörande riksdagsledamot,1956,kvinna,,https://data.riksdagen.se/person/4468626c-27a1-46c7-b530-f346b70b753b,https://data.riksdagen.se/filarkiv/bilder/ledamot/4468626c-27a1-46c7-b530-f346b70b753b_80.jpg
Anna-Lena,Hedberg,SD,Dalarnas län,Tjänstgörande riksdagsledamot,1973,kvinna,,https://data.riksdagen.se/person/462f864f-60c8-4466-b12f-8066d7d8a001,https://data.riksdagen.se/filarkiv/bilder/ledamot/462f864f-60c8-4466-b12f-8066d7d8a001_80.jpg
Peder,Björk,S,Västernorrlands län,Tjänstgörande riksdagsledamot,1975,man,,https://data.riksdagen.se/person/b7a4d732-085d-41da-8a57-901bcf117edf,https://data.riksdagen.se/filarkiv/bilder/ledamot/b7a4d732-085d-41da-8a57-901bcf117edf_80.jpg
Kjell-Arne,Ottosson,KD,Värmlands län,Tjänstgörande riksdagsledamot,1975,man,,https://data.riksdagen.se/person/708eae46-00f3-433c-ba07-7129def782fb,https://data.riksdagen.se/filarkiv/bilder/ledamot/708eae46-00f3-433c-ba07-7129def782fb_80.jpg
Heléne,Björklund,S,Blekinge län,Tjänstgörande riksdagsledamot,1972,kvinna,,https://data.riksdagen.se/person/a4581b8d-78fd-41c1-a55d-7fe9ed93c878,https://data.riksdagen.se/filarkiv/bilder/ledamot/a4581b8d-78fd-41c1-a55d-7fe9ed93c878_80.jpg
Eva,Lindh,S,Östergötlands län,Tjänstgörande riksdagsledamot,1971,kvinna,,https://data.riksdagen.se/person/ee86b181-9f3b-4e03-8ef4-b96b1e79cd25,https://data.riksdagen.se/filarkiv/bilder/ledamot/ee86b181-9f3b-4e03-8ef4-b96b1e79cd25_80.jpg
Serkan,Köse,S,Stockholms län,Tjänstgörande riksdagsledamot,1976,man,,https://data.riksdagen.se/person/f2597c6d-8286-457a-9d62-6243f260af40,https://data.riksdagen.se/filarkiv/bilder/ledamot/f2597c6d-8286-457a-9d62-6243f260af40_80.jpg
Niklas,Sigvardsson,S,Jönköpings län,Tjänstgörande riksdagsledamot,1991,man,,https://data.riksdagen.se/person/1bd865a4-5123-43ed-9f82-18ded584c0f1,https://data.riksdagen.se/filarkiv/bilder/ledamot/1bd865a4-5123-43ed-9f82-18ded584c0f1_80.jpg
Joakim,Sandell,S,Malmö kommun,Tjänstgörande riksdagsledamot,1975,man,,https://data.riksdagen.se/person/4a486ea1-d97c-4393-9ada-2639140cfd46,https://data.riksdagen.se/filarkiv/bilder/ledamot/4a486ea1-d97c-4393-9ada-2639140cfd46_80.jpg
Patrik,Lundqvist,S,Gävleborgs län,Tjänstgörande riksdagsledamot,1984,man,,https://data.riksdagen.se/person/41f3a07f-57ba-4d0c-b737-e05aa04ec023,https://data.riksdagen.se/filarkiv/bilder/ledamot/41f3a07f-57ba-4d0c-b737-e05aa04ec023_80.jpg
Sofia,Skönnbrink,S,Värmlands län,Tjänstgörande riksdagsledamot,1991,kvinna,,https://data.riksdagen.se/person/61011e4f-56d9-4eba-8071-3831cd36137b,https://data.riksdagen.se/filarkiv/bilder/ledamot/61011e4f-56d9-4eba-8071-3831cd36137b_80.jpg
Aida,Birinxhiku,S,Hallands län,Tjänstgörande riksdagsledamot,1999,kvinna,,https://data.riksdagen.se/person/17eb4f01-2fcf-42ab-a19d-659b568cf1bb,https://data.riksdagen.se/filarkiv/bilder/ledamot/17eb4f01-2fcf-42ab-a19d-659b568cf1bb_80.jpg
Adrian,Magnusson,S,Skåne läns södra,Tjänstgörande riksdagsledamot,1994,man,,https://data.riksdagen.se/person/c4654ce3-db1d-4106-976f-3cd2fdcc5767,https://data.riksdagen.se/filarkiv/bilder/ledamot/c4654ce3-db1d-4106-976f-3cd2fdcc5767_80.jpg
Adam,Reuterskiöld,M,Stockholms län,Tjänstgörande riksdagsledamot,1966,man,,https://data.riksdagen.se/person/cbde60e5-7333-4e7c-8582-2dba9808983e,https://data.riksdagen.se/filarkiv/bilder/ledamot/cbde60e5-7333-4e7c-8582-2dba9808983e_80.jpg
Cecilia,Gustafsson,M,Västra Götalands läns norra,Tjänstgörande riksdagsledamot,1972,kvinna,,https://data.riksdagen.se/person/f36e1e31-89a1-40e8-97aa-c3d7e2879140,https://data.riksdagen.se/filarkiv/bilder/ledamot/f36e1e31-89a1-40e8-97aa-c3d7e2879140_80.jpg
Ludvig,Ceimertz,M,Skåne läns norra och östra,Tjänstgörande statsrådsersättare,1991,man,,https://data.riksdagen.se/person/46cf8e0e-b6f9-4f6e-a936-1f234e64d06e,https://data.riksdagen.se/filarkiv/bilder/ledamot/46cf8e0e-b6f9-4f6e-a936-1f234e64d06e_80.jpg
Peter,Hultqvist,S,Dalarnas län,Tjänstgörande riksdagsledamot,1958,man,,https://data.riksdagen.se/person/8fdcd2db-91db-4cba-ae0c-258061f5ed59,https://data.riksdagen.se/filarkiv/bilder/ledamot/8fdcd2db-91db-4cba-ae0c-258061f5ed59_80.jpg
Matheus,Enholm,SD,Västra Götalands läns norra,Tjänstgörande riksdagsledamot,1979,man,,https://data.riksdagen.se/person/8c4af927-7bb6-4012-9b46-12adb641f556,https://data.riksdagen.se/filarkiv/bilder/ledamot/8c4af927-7bb6-4012-9b46-12adb641f556_80.jpg
Lena,Johansson,S,Västmanlands län,Tjänstgörande riksdagsledamot,1969,kvinna,,https://data.riksdagen.se/person/266eead2-8511-44a9-90e2-ebd76d779ba7,https://data.riksdagen.se/filarkiv/bilder/ledamot/266eead2-8511-44a9-90e2-ebd76d779ba7_80.jpg
Jörgen,Berglund,M,Västernorrlands län,Tjänstgörande riksdagsledamot,1974,man,,https://data.riksdagen.se/person/fe6f437b-729a-4943-8e41-f43d39a5605f,https://data.riksdagen.se/filarkiv/bilder/ledamot/fe6f437b-729a-4943-8e41-f43d39a5605f_80.jpg
Alexandra,Völker,S,Stockholms län,Tjänstgörande riksdagsledamot,1989,kvinna,,https://data.riksdagen.se/person/f96150c2-6e1c-4e3f-bc7f-2503f3cc9ede,https://data.riksdagen.se/filarkiv/bilder/ledamot/f96150c2-6e1c-4e3f-bc7f-2503f3cc9ede_80.jpg
Olle,Thorell,S,Västmanlands län,Tjänstgörande riksdagsledamot,1967,man,,https://data.riksdagen.se/person/6d1640b5-12e6-41a3-82a2-a3e91c172cda,https://data.riksdagen.se/filarkiv/bilder/ledamot/6d1640b5-12e6-41a3-82a2-a3e91c172cda_80.jpg
Margareta,Cederfelt,M,Stockholms kommun,Tjänstgörande riksdagsledamot,1959,kvinna,,https://data.riksdagen.se/person/d7c329da-83e4-11d4-ae60-0050040c9b55,https://data.riksdagen.se/filarkiv/bilder/ledamot/d7c329da-83e4-11d4-ae60-0050040c9b55_80.jpg
Mikael,Larsson,C,Västra Götalands läns södra,Tjänstgörande riksdagsledamot,1989,man,,https://data.riksdagen.se/person/39797ca4-c136-41c6-bf6b-feb256dee6b3,https://data.riksdagen.se/filarkiv/bilder/ledamot/39797ca4-c136-41c6-bf6b-feb256dee6b3_80.jpg
Ann-Sofie,Alm,M,Västra Götalands läns norra,Tjänstgörande riksdagsledamot,1971,kvinna,,https://data.riksdagen.se/person/f91f6a86-591c-449c-b3dd-1fdaa86338cd,https://data.riksdagen.se/filarkiv/bilder/ledamot/f91f6a86-591c-449c-b3dd-1fdaa86338cd_80.jpg
Yasmine,Eriksson,SD,Västra Götalands läns västra,Tjänstgörande riksdagsledamot,1989,kvinna,,https://data.riksdagen.se/person/ae22d593-d382-40dc-918c-df30916b6d9e,https://data.riksdagen.se/filarkiv/bilder/ledamot/ae22d593-d382-40dc-918c-df30916b6d9e_80.jpg
Johan,Andersson,S,Östergötlands län,Tjänstgörande riksdagsledamot,1961,man,,https://data.riksdagen.se/person/fff74c6c-fae3-4977-a472-cfe2b6ae257a,https://data.riksdagen.se/filarkiv/bilder/ledamot/fff74c6c-fae3-4977-a472-cfe2b6ae257a_80.jpg
Linnéa,Wickman,S,Gävleborgs län,Tjänstgörande riksdagsledamot,1992,kvinna,,https://data.riksdagen.se/person/234d4dfe-48a4-44d3-8ff0-323454d8cc68,https://data.riksdagen.se/filarkiv/bilder/ledamot/234d4dfe-48a4-44d3-8ff0-323454d8cc68_80.jpg
Hanna,Westerén,S,Gotlands län,Tjänstgörande riksdagsledamot,1981,kvinna,,https://data.riksdagen.se/person/ed3399e1-7bce-4ea4-baf6-587f722710f5,https://data.riksdagen.se/filarkiv/bilder/ledamot/ed3399e1-7bce-4ea4-baf6-587f722710f5_80.jpg
Alexandra,Anstrell,M,Stockholms län,Tjänstgörande riksdagsledamot,1974,kvinna,,https://data.riksdagen.se/person/8310e472-996b-4c8a-bce5-4d09fb20a66a,https://data.riksdagen.se/filarkiv/bilder/ledamot/8310e472-996b-4c8a-bce5-4d09fb20a66a_80.jpg
Annika,Strandhäll,S,Stockholms kommun,Tjänstgörande riksdagsledamot,1975,kvinna,,https://data.riksdagen.se/person/83b5647b-ccf4-4398-aefb-6d93152f951b,https://data.riksdagen.se/filarkiv/bilder/ledamot/83b5647b-ccf4-4398-aefb-6d93152f951b_80.jpg
Gulan,Avci,L,Stockholms län,Tjänstgörande riksdagsledamot,1977,kvinna,,https://data.riksdagen.se/person/9d13985d-9d6c-4cba-8492-1155d94fbe69,https://data.riksdagen.se/filarkiv/bilder/ledamot/9d13985d-9d6c-4cba-8492-1155d94fbe69_80.jpg
Erik,Ezelius,S,Västra Götalands läns östra,Tjänstgörande riksdagsledamot,1986,man,,https://data.riksdagen.se/person/45bd9e8b-22f0-4cb7-9cfe-b40847e9715f,https://data.riksdagen.se/filarkiv/bilder/ledamot/45bd9e8b-22f0-4cb7-9cfe-b40847e9715f_80.jpg
Stefan,Olsson,M,Uppsala län,Tjänstgörande riksdagsledamot,1968,man,,https://data.riksdagen.se/person/7aa3686d-39b7-4b72-9790-1ec8f7541b0d,https://data.riksdagen.se/filarkiv/bilder/ledamot/7aa3686d-39b7-4b72-9790-1ec8f7541b0d_80.jpg
Håkan,Svenneling,V,Värmlands län,Tjänstgörande riksdagsledamot,1985,man,,https://data.riksdagen.se/person/de1f77c9-338c-4547-a223-9898cd8ed084,https://data.riksdagen.se/filarkiv/bilder/ledamot/de1f77c9-338c-4547-a223-9898cd8ed084_80.jpg
Magnus,Berntsson,KD,Göteborgs kommun,Tjänstgörande riksdagsledamot,1973,man,,https://data.riksdagen.se/person/03e05e1c-c782-4df7-b206-dc79027702cd,https://data.riksdagen.se/filarkiv/bilder/ledamot/03e05e1c-c782-4df7-b206-dc79027702cd_80.jpg
Kerstin,Lundgren,C,Stockholms län,Tredje vice talman (tjänstgörande riksdagsledamot),1955,kvinna,,https://data.riksdagen.se/person/4a514760-f0a7-47a7-8a51-91bd46693df7,https://data.riksdagen.se/filarkiv/bilder/ledamot/4a514760-f0a7-47a7-8a51-91bd46693df7_80.jpg
Jacob,Risberg,MP,Uppsala län,Tjänstgörande riksdagsledamot,1972,man,,https://data.riksdagen.se/person/03ba2d14-85d1-4f21-95e2-39e5e93aa2f9,https://data.riksdagen.se/filarkiv/bilder/ledamot/03ba2d14-85d1-4f21-95e2-39e5e93aa2f9_80.jpg
Gustaf,Göthberg,M,Göteborgs kommun,Tjänstgörande riksdagsledamot,1993,man,,https://data.riksdagen.se/person/8809a02f-3918-49da-8228-3894a61bc72e,https://data.riksdagen.se/filarkiv/bilder/ledamot/8809a02f-3918-49da-8228-3894a61bc72e_80.jpg
Fredrik,Ahlstedt,M,Uppsala län,Tjänstgörande riksdagsledamot,1968,man,,https://data.riksdagen.se/person/8403346f-0f0c-4d48-bbd0-f6b43b368873,https://data.riksdagen.se/filarkiv/bilder/ledamot/8403346f-0f0c-4d48-bbd0-f6b43b368873_80.jpg
Helene,Odenjung,L,Göteborgs kommun,Tjänstgörande riksdagsledamot,1965,kvinna,,https://data.riksdagen.se/person/899cbe09-46ce-4e89-b19c-729d4bb2ee51,https://data.riksdagen.se/filarkiv/bilder/ledamot/899cbe09-46ce-4e89-b19c-729d4bb2ee51_80.jpg
Åsa,Westlund,S,Stockholms län,Tjänstgörande riksdagsledamot,1976,kvinna,,https://data.riksdagen.se/person/73281fee-b276-4150-8cf0-fd3368b3c5c6,https://data.riksdagen.se/filarkiv/bilder/ledamot/73281fee-b276-4150-8cf0-fd3368b3c5c6_80.jpg
Daniel,Riazat,-,Stockholms län,Tjänstgörande riksdagsledamot,1991,man,,https://data.riksdagen.se/person/b00db2a8-378a-440c-982e-af62d234ed95,https://data.riksdagen.se/filarkiv/bilder/ledamot/b00db2a8-378a-440c-982e-af62d234ed95_80.jpg
Hanna,Gunnarsson,V,Skåne läns södra,Tjänstgörande riksdagsledamot,1983,kvinna,,https://data.riksdagen.se/person/8880da78-8ec1-41f7-96c7-f007375352ac,https://data.riksdagen.se/filarkiv/bilder/ledamot/8880da78-8ec1-41f7-96c7-f007375352ac_80.jpg
Birger,Lahti,V,Norrbottens län,Tjänstgörande riksdagsledamot,1964,man,,https://data.riksdagen.se/person/a2c4e9f3-6d4a-4994-9351-66ce4c752905,https://data.riksdagen.se/filarkiv/bilder/ledamot/a2c4e9f3-6d4a-4994-9351-66ce4c752905_80.jpg
Ida,Ekeroth Clausson,S,Västra Götalands läns östra,Tjänstgörande riksdagsledamot,1991,kvinna,,https://data.riksdagen.se/person/8e2f51ce-da1c-4832-9708-20fd1923b2f3,https://data.riksdagen.se/filarkiv/bilder/ledamot/8e2f51ce-da1c-4832-9708-20fd1923b2f3_80.jpg
Björn,Söder,SD,Skåne läns norra och östra,Tjänstgörande riksdagsledamot,1976,man,,https://data.riksdagen.se/person/06d7c195-c170-4103-bcc6-1d9c0d43b169,https://data.riksdagen.se/filarkiv/bilder/ledamot/06d7c195-c170-4103-bcc6-1d9c0d43b169_80.jpg
Peter,Ollén,M,Malmö kommun,Tjänstgörande riksdagsledamot,1959,man,,https://data.riksdagen.se/person/d47e2539-1077-4182-bdb1-d4873dda8583,https://data.riksdagen.se/filarkiv/bilder/ledamot/d47e2539-1077-4182-bdb1-d4873dda8583_80.jpg
Helena,Storckenfeldt,M,Hallands län,Tjänstgörande riksdagsledamot,1995,kvinna,,https://data.riksdagen.se/person/d36827d1-ca61-4bf0-8482-7e9db375cb43,https://data.riksdagen.se/filarkiv/bilder/ledamot/d36827d1-ca61-4bf0-8482-7e9db375cb43_80.jpg
Marie,Nicholson,M,Kalmar län,Tjänstgörande riksdagsledamot,1976,kvinna,,https://data.riksdagen.se/person/8c8b9102-1695-4533-a2a2-f95b98c63032,https://data.riksdagen.se/filarkiv/bilder/ledamot/8c8b9102-1695-4533-a2a2-f95b98c63032_80.jpg
Andrea,Andersson Tay,V,Stockholms län,Tjänstgörande riksdagsledamot,1988,kvinna,,https://data.riksdagen.se/person/352b875d-e44d-43f5-bf93-e507770c12de,https://data.riksdagen.se/filarkiv/bilder/ledamot/352b875d-e44d-43f5-bf93-e507770c12de_80.jpg
Åsa,Eriksson,S,Västmanlands län,Tjänstgörande riksdagsledamot,1972,kvinna,,https://data.riksdagen.se/person/473cc883-b475-42fe-8553-4f1a6bd17a54,https://data.riksdagen.se/filarkiv/bilder/ledamot/473cc883-b475-42fe-8553-4f1a6bd17a54_80.jpg
Amanda,Lind,MP,Stockholms län,Tjänstgörande riksdagsledamot,1980,kvinna,,https://data.riksdagen.se/person/cc9a2dce-628c-4cbe-9e82-489b1078f7b8,https://data.riksdagen.se/filarkiv/bilder/ledamot/cc9a2dce-628c-4cbe-9e82-489b1078f7b8_80.jpg
Nils,Seye Larsen,MP,Västerbottens län,Tjänstgörande riksdagsledamot,1980,man,,https://data.riksdagen.se/person/f518e543-9b68-45bc-abe0-5f6e9f90cd6b,https://data.riksdagen.se/filarkiv/bilder/ledamot/f518e543-9b68-45bc-abe0-5f6e9f90cd6b_80.jpg
Carl,Nordblom,M,Stockholms kommun,Tjänstgörande statsrådsersättare,1994,man,,https://data.riksdagen.se/person/645d7ec6-f5b4-4aa7-894c-bb86da008bae,https://data.riksdagen.se/filarkiv/bilder/ledamot/645d7ec6-f5b4-4aa7-894c-bb86da008bae_80.jpg
Ulrik,Nilsson,M,Västra Götalands läns södra,Tjänstgörande riksdagsledamot,1963,man,,https://data.riksdagen.se/person/3aebee98-eff2-4092-9618-b017c1821b84,https://data.riksdagen.se/filarkiv/bilder/ledamot/3aebee98-eff2-4092-9618-b017c1821b84_80.jpg
Susanne,Nordström,M,Östergötlands län,Tjänstgörande talmansersättare,1963,kvinna,,https://data.riksdagen.se/person/703f879e-0584-42da-bc98-b34333d3fadf,https://data.riksdagen.se/filarkiv/bilder/ledamot/703f879e-0584-42da-bc98-b34333d3fadf_80.jpg
Camilla,Brunsberg,M,Blekinge län,Tjänstgörande riksdagsledamot,1972,kvinna,,https://data.riksdagen.se/person/764a9da3-ff38-4fc2-b381-1a374f0af44d,https://data.riksdagen.se/filarkiv/bilder/ledamot/764a9da3-ff38-4fc2-b381-1a374f0af44d_80.jpg
Lars,Engsund,M,Kalmar län,Tjänstgörande riksdagsledamot,1968,man,,https://data.riksdagen.se/person/0e002235-3df2-4fab-806a-88218d9d9337,https://data.riksdagen.se/filarkiv/bilder/ledamot/0e002235-3df2-4fab-806a-88218d9d9337_80.jpg
Lars,Johnsson,M,Skåne läns norra och östra,Tjänstgörande riksdagsledamot,1964,man,,https://data.riksdagen.se/person/e4e65a06-a65b-43d5-9ce1-f2d8a8f2cc37,https://data.riksdagen.se/filarkiv/bilder/ledamot/e4e65a06-a65b-43d5-9ce1-f2d8a8f2cc37_80.jpg
Caroline,Högström,M,Västmanlands län,Tjänstgörande riksdagsledamot,1991,kvinna,,https://data.riksdagen.se/person/4f4ca426-62df-4eb0-8f56-6a6ae9bdf4e9,https://data.riksdagen.se/filarkiv/bilder/ledamot/4f4ca426-62df-4eb0-8f56-6a6ae9bdf4e9_80.jpg
Maria,Stockhaus,M,Stockholms län,Tjänstgörande riksdagsledamot,1963,kvinna,,https://data.riksdagen.se/person/ee32e119-fdfe-4e00-b136-b2102d79b2a6,https://data.riksdagen.se/filarkiv/bilder/ledamot/ee32e119-fdfe-4e00-b136-b2102d79b2a6_80.jpg
Karin,Enström,M,Stockholms län,Tjänstgörande riksdagsledamot,1966,kvinna,,https://data.riksdagen.se/person/d7c32504-83e4-11d4-ae60-0050040c9b55,https://data.riksdagen.se/filarkiv/bilder/ledamot/d7c32504-83e4-11d4-ae60-0050040c9b55_80.jpg
Magdalena,Thuresson,M,Stockholms län,Tjänstgörande riksdagsledamot,1990,kvinna,,https://data.riksdagen.se/person/af75fe5c-7d6c-493e-91d6-b44a1445c718,https://data.riksdagen.se/filarkiv/bilder/ledamot/af75fe5c-7d6c-493e-91d6-b44a1445c718_80.jpg
Kalle,Olsson,S,Jämtlands län,Tjänstgörande riksdagsledamot,1984,man,,https://data.riksdagen.se/person/f8d1d1b6-f008-446e-a7f8-dd324fbb71d4,https://data.riksdagen.se/filarkiv/bilder/ledamot/f8d1d1b6-f008-446e-a7f8-dd324fbb71d4_80.jpg
Maj,Karlsson,V,Göteborgs kommun,Tjänstgörande riksdagsledamot,1980,kvinna,,https://data.riksdagen.se/person/9d6489d6-6fa5-4420-9224-8968abaa569c,https://data.riksdagen.se/filarkiv/bilder/ledamot/9d6489d6-6fa5-4420-9224-8968abaa569c_80.jpg
Samuel,Gonzalez Westling,V,Gävleborgs län,Tjänstgörande riksdagsledamot,1983,man,,https://data.riksdagen.se/person/f4d32014-bd1a-4983-8ab3-83b327d2fd2e,https://data.riksdagen.se/filarkiv/bilder/ledamot/f4d32014-bd1a-4983-8ab3-83b327d2fd2e_80.jpg
Helena,Vilhelmsson,C,Örebro län,Tjänstgörande riksdagsledamot,1965,kvinna,,https://data.riksdagen.se/person/bcf8f6dc-7be4-46d3-bb3e-df793b2c5256,https://data.riksdagen.se/filarkiv/bilder/ledamot/bcf8f6dc-7be4-46d3-bb3e-df793b2c5256_80.jpg
Niels,Paarup-Petersen,C,Malmö kommun,Tjänstgörande riksdagsledamot,1978,man,,https://data.riksdagen.se/person/1512b21b-9312-41bc-80ed-f4f0e58f1de4,https://data.riksdagen.se/filarkiv/bilder/ledamot/1512b21b-9312-41bc-80ed-f4f0e58f1de4_80.jpg
Anders,W Jonsson,C,Gävleborgs län,Tjänstgörande riksdagsledamot,1961,man,,https://data.riksdagen.se/person/6ad91da1-1287-4e8f-9778-3315390fdfca,https://data.riksdagen.se/filarkiv/bilder/ledamot/6ad91da1-1287-4e8f-9778-3315390fdfca_80.jpg
Catarina,Deremar,C,Uppsala län,Tjänstgörande riksdagsledamot,1965,kvinna,,https://data.riksdagen.se/person/0f4ba90a-2db5-4fa8-b583-3f96edca5028,https://data.riksdagen.se/filarkiv/bilder/ledamot/0f4ba90a-2db5-4fa8-b583-3f96edca5028_80.jpg
Ulf,Holm,MP,Skåne läns södra,Tjänstgörande ersättare,1969,man,,https://data.riksdagen.se/person/009006dc-58d4-44c6-9a84-d7b2b486b749,https://data.riksdagen.se/filarkiv/bilder/ledamot/009006dc-58d4-44c6-9a84-d7b2b486b749_80.jpg
Rebecka,Le Moine,MP,Östergötlands län,Tjänstgörande riksdagsledamot,1990,kvinna,,https://data.riksdagen.se/person/67e327d0-b2ca-47eb-802a-c140187f0e0c,https://data.riksdagen.se/filarkiv/bilder/ledamot/67e327d0-b2ca-47eb-802a-c140187f0e0c_80.jpg
Sara,Gille,SD,Dalarnas län,Tjänstgörande riksdagsledamot,1981,kvinna,,https://data.riksdagen.se/person/235255cd-cf3b-4b45-906d-5ffe21195683,https://data.riksdagen.se/filarkiv/bilder/ledamot/235255cd-cf3b-4b45-906d-5ffe21195683_80.jpg
Patrik,Jönsson,SD,Västra Götalands läns södra,Tjänstgörande riksdagsledamot,1972,man,,https://data.riksdagen.se/person/0007cc9d-247c-4136-80d1-0bae44bd20ba,https://data.riksdagen.se/filarkiv/bilder/ledamot/0007cc9d-247c-4136-80d1-0bae44bd20ba_80.jpg
Runar,Filper,SD,Värmlands län,Tjänstgörande riksdagsledamot,1964,man,,https://data.riksdagen.se/person/49cb272f-9347-407a-bac0-06403fbec5b5,https://data.riksdagen.se/filarkiv/bilder/ledamot/49cb272f-9347-407a-bac0-06403fbec5b5_80.jpg
Josef,Fransson,SD,Jämtlands län,Tjänstgörande riksdagsledamot,1978,man,,https://data.riksdagen.se/person/2131f2eb-348c-4b92-8e76-52c134d79919,https://data.riksdagen.se/filarkiv/bilder/ledamot/2131f2eb-348c-4b92-8e76-52c134d79919_80.jpg
Rashid,Farivar,SD,Västra Götalands läns västra,Tjänstgörande riksdagsledamot,1982,man,,https://data.riksdagen.se/person/8015861a-48f7-4eba-8004-e32d1f0c2034,https://data.riksdagen.se/filarkiv/bilder/ledamot/8015861a-48f7-4eba-8004-e32d1f0c2034_80.jpg
Anne-Li,Sjölund,C,Västernorrlands län,Tjänstgörande riksdagsledamot,1966,kvinna,,https://data.riksdagen.se/person/4777adeb-0a0f-4154-ace9-0c5f149f228b,https://data.riksdagen.se/filarkiv/bilder/ledamot/4777adeb-0a0f-4154-ace9-0c5f149f228b_80.jpg
Madeleine,Atlas,C,Skåne läns västra,Tjänstgörande riksdagsledamot,1968,kvinna,,https://data.riksdagen.se/person/5622d354-705a-418a-a2ee-f2dbea9847c3,https://data.riksdagen.se/filarkiv/bilder/ledamot/5622d354-705a-418a-a2ee-f2dbea9847c3_80.jpg
Lars,Beckman,M,Gävleborgs län,Tjänstgörande riksdagsledamot,1967,man,,https://data.riksdagen.se/person/db90fc94-9496-4748-9b84-bcfadc24af74,https://data.riksdagen.se/filarkiv/bilder/ledamot/db90fc94-9496-4748-9b84-bcfadc24af74_80.jpg
Per,Söderlund,SD,Örebro län,Tjänstgörande riksdagsledamot,1972,man,,https://data.riksdagen.se/person/f3da7403-18a0-454d-bcac-9a0a36783d38,https://data.riksdagen.se/filarkiv/bilder/ledamot/f3da7403-18a0-454d-bcac-9a0a36783d38_80.jpg
Chris,Dahlqvist,SD,Östergötlands län,Tjänstgörande riksdagsledamot,1995,man,,https://data.riksdagen.se/person/91a67dbc-7819-42ea-8495-938a86450a7f,https://data.riksdagen.se/filarkiv/bilder/ledamot/91a67dbc-7819-42ea-8495-938a86450a7f_80.jpg
Azra,Muranovic,S,Jönköpings län,Tjänstgörande riksdagsledamot,1987,kvinna,,https://data.riksdagen.se/person/77b55dda-a56c-4e88-b6a8-a6255ff783fb,https://data.riksdagen.se/filarkiv/bilder/ledamot/77b55dda-a56c-4e88-b6a8-a6255ff783fb_80.jpg
Gudrun,Nordborg,V,Västerbottens län,Tjänstgörande riksdagsledamot,1946,kvinna,,https://data.riksdagen.se/person/66a97750-1ac5-4f8d-be57-ac4c1c733ee9,https://data.riksdagen.se/filarkiv/bilder/ledamot/66a97750-1ac5-4f8d-be57-ac4c1c733ee9_80.jpg
Stina,Larsson,C,Skåne läns södra,Tjänstgörande riksdagsledamot,1977,kvinna,,https://data.riksdagen.se/person/7b077f5d-490e-4aab-84a0-7ecd607fe309,https://data.riksdagen.se/filarkiv/bilder/ledamot/7b077f5d-490e-4aab-84a0-7ecd607fe309_80.jpg
Tony,Haddou,V,Göteborgs kommun,Tjänstgörande riksdagsledamot,1989,man,,https://data.riksdagen.se/person/8e21a563-23d4-46cd-a901-acf5839d72d9,https://data.riksdagen.se/filarkiv/bilder/ledamot/8e21a563-23d4-46cd-a901-acf5839d72d9_80.jpg
John,E Weinerhall,M,Östergötlands län,Tjänstgörande riksdagsledamot,1995,man,,https://data.riksdagen.se/person/5af2318e-82dc-4271-b219-c12b3d74d11a,https://data.riksdagen.se/filarkiv/bilder/ledamot/5af2318e-82dc-4271-b219-c12b3d74d11a_80.jpg
Helena,Bouveng,M,Jönköpings län,Tjänstgörande riksdagsledamot,1962,kvinna,,https://data.riksdagen.se/person/a65ace9d-bbae-43cd-8a21-119c8b3b0bfb,https://data.riksdagen.se/filarkiv/bilder/ledamot/a65ace9d-bbae-43cd-8a21-119c8b3b0bfb_80.jpg
Ulrika,Heindorff,M,Skåne läns västra,Tjänstgörande riksdagsledamot,1983,kvinna,,https://data.riksdagen.se/person/7c4e35b2-f653-4746-bb03-351abbd566eb,https://data.riksdagen.se/filarkiv/bilder/ledamot/7c4e35b2-f653-4746-bb03-351abbd566eb_80.jpg
Lars,Püss,M,Hallands län,Tjänstgörande riksdagsledamot,1966,man,,https://data.riksdagen.se/person/9f5c5d35-c450-4068-923a-2d8d077223d5,https://data.riksdagen.se/filarkiv/bilder/ledamot/9f5c5d35-c450-4068-923a-2d8d077223d5_80.jpg
Daniel,Bäckström,C,Värmlands län,Tjänstgörande riksdagsledamot,1975,man,,https://data.riksdagen.se/person/d9b65520-dba2-4ec1-a124-d89d667ebf37,https://data.riksdagen.se/filarkiv/bilder/ledamot/d9b65520-dba2-4ec1-a124-d89d667ebf37_80.jpg
Ann-Sofie,Lifvenhage,M,Södermanlands län,Tjänstgörande riksdagsledamot,1976,kvinna,,https://data.riksdagen.se/person/16c58b85-7b9a-4f36-9160-3a40680f433c,https://data.riksdagen.se/filarkiv/bilder/ledamot/16c58b85-7b9a-4f36-9160-3a40680f433c_80.jpg
Jakob,Olofsgård,L,Jönköpings län,Tjänstgörande riksdagsledamot,1975,man,,https://data.riksdagen.se/person/cf93a30c-7563-418e-a111-60d31ad24bcc,https://data.riksdagen.se/filarkiv/bilder/ledamot/cf93a30c-7563-418e-a111-60d31ad24bcc_80.jpg
Marléne,Lund Kopparklint,M,Värmlands län,Tjänstgörande riksdagsledamot,1973,kvinna,,https://data.riksdagen.se/person/ac019194-2cf6-4ebd-8d29-29e1f3950cdf,https://data.riksdagen.se/filarkiv/bilder/ledamot/ac019194-2cf6-4ebd-8d29-29e1f3950cdf_80.jpg
Boriana,Åberg,M,Skåne läns södra,Tjänstgörande riksdagsledamot,1968,kvinna,,https://data.riksdagen.se/person/d3628aa4-ea6a-4466-8e2c-f3d0cb2d9cad,https://data.riksdagen.se/filarkiv/bilder/ledamot/d3628aa4-ea6a-4466-8e2c-f3d0cb2d9cad_80.jpg
Ann-Charlotte,Hammar Johnsson,M,Skåne läns västra,Tjänstgörande riksdagsledamot,1966,kvinna,,https://data.riksdagen.se/person/5ac51ad6-c8ea-4ce6-bcd5-b8609d6c058a,https://data.riksdagen.se/filarkiv/bilder/ledamot/5ac51ad6-c8ea-4ce6-bcd5-b8609d6c058a_80.jpg
Jan,Ericson,M,Västra Götalands läns södra,Tjänstgörande riksdagsledamot,1961,man,,https://data.riksdagen.se/person/5c11ef9b-d56d-4e85-8cc6-800f0257548a,https://data.riksdagen.se/filarkiv/bilder/ledamot/5c11ef9b-d56d-4e85-8cc6-800f0257548a_80.jpg
Morgan,Johansson,S,Skåne läns södra,Tjänstgörande riksdagsledamot,1970,man,,https://data.riksdagen.se/person/d7c32690-83e4-11d4-ae60-0050040c9b55,https://data.riksdagen.se/filarkiv/bilder/ledamot/d7c32690-83e4-11d4-ae60-0050040c9b55_80.jpg
Ellen,Juntti,M,Västra Götalands läns västra,Tjänstgörande riksdagsledamot,1958,kvinna,,https://data.riksdagen.se/person/efb2daaa-8053-411f-9fc7-dfcca1395bb0,https://data.riksdagen.se/filarkiv/bilder/ledamot/efb2daaa-8053-411f-9fc7-dfcca1395bb0_80.jpg
Jessica,Stegrud,SD,Skåne läns södra,Tjänstgörande riksdagsledamot,1970,kvinna,,https://data.riksdagen.se/person/32b8d916-3679-4cee-9235-759fff057b09,https://data.riksdagen.se/filarkiv/bilder/ledamot/32b8d916-3679-4cee-9235-759fff057b09_80.jpg
Victoria,Tiblom,SD,Skåne läns södra,Tjänstgörande riksdagsledamot,1969,kvinna,,https://data.riksdagen.se/person/9538493f-67cc-4713-9b97-94cc2e32c4db,https://data.riksdagen.se/filarkiv/bilder/ledamot/9538493f-67cc-4713-9b97-94cc2e32c4db_80.jpg
Charlotte,Nordström,M,Västra Götalands läns östra,Tjänstgörande riksdagsledamot,1963,kvinna,,https://data.riksdagen.se/person/c3f37b2d-c8a6-430f-8617-8f1cadd8354d,https://data.riksdagen.se/filarkiv/bilder/ledamot/c3f37b2d-c8a6-430f-8617-8f1cadd8354d_80.jpg
Sara-Lena,Bjälkö,-,Hallands län,Tjänstgörande riksdagsledamot,1976,kvinna,,https://data.riksdagen.se/person/8380b7c7-5994-4ea9-be2d-f404736dc0b8,https://data.riksdagen.se/filarkiv/bilder/ledamot/8380b7c7-5994-4ea9-be2d-f404736dc0b8_80.jpg
Karin,Sundin,S,Örebro län,Tjänstgörande riksdagsledamot,1972,kvinna,,https://data.riksdagen.se/person/d87ac679-3d42-4cc6-ae5f-bb6b7511c9f1,https://data.riksdagen.se/filarkiv/bilder/ledamot/d87ac679-3d42-4cc6-ae5f-bb6b7511c9f1_80.jpg
Lars,Andersson,SD,Skåne läns södra,Tjänstgörande riksdagsledamot,1964,man,,https://data.riksdagen.se/person/46472134-8e4e-4c65-856e-d401cad915dd,https://data.riksdagen.se/filarkiv/bilder/ledamot/46472134-8e4e-4c65-856e-d401cad915dd_80.jpg
Mats,Arkhem,SD,Stockholms län,Tjänstgörande riksdagsledamot,1966,man,,https://data.riksdagen.se/person/877b0e37-b0b9-486b-b352-9ad52fe091cb,https://data.riksdagen.se/filarkiv/bilder/ledamot/877b0e37-b0b9-486b-b352-9ad52fe091cb_80.jpg
Pia,Trollehjelm,SD,Skåne läns västra,Tjänstgörande riksdagsledamot,1967,kvinna,,https://data.riksdagen.se/person/fed4620b-9c60-45d0-87b8-bb992b533cd6,https://data.riksdagen.se/filarkiv/bilder/ledamot/fed4620b-9c60-45d0-87b8-bb992b533cd6_80.jpg
Laila,Naraghi,S,Kalmar län,Tjänstgörande riksdagsledamot,1982,kvinna,,https://data.riksdagen.se/person/f65cb6f1-7001-4e8e-8d32-89d534577ab0,https://data.riksdagen.se/filarkiv/bilder/ledamot/f65cb6f1-7001-4e8e-8d32-89d534577ab0_80.jpg
Ida,Karkiainen,S,Norrbottens län,Tjänstgörande riksdagsledamot,1988,kvinna,,https://data.riksdagen.se/person/7891a68a-bcbd-43a3-bd8b-90bdbb040f45,https://data.riksdagen.se/filarkiv/bilder/ledamot/7891a68a-bcbd-43a3-bd8b-90bdbb040f45_80.jpg
Vasiliki,Tsouplaki,V,Västmanlands län,Tjänstgörande riksdagsledamot,1980,kvinna,,https://data.riksdagen.se/person/9d24d55a-be20-4caa-ac48-4da11b50969c,https://data.riksdagen.se/filarkiv/bilder/ledamot/9d24d55a-be20-4caa-ac48-4da11b50969c_80.jpg
Fredrik,Olovsson,S,Södermanlands län,Tjänstgörande riksdagsledamot,1973,man,,https://data.riksdagen.se/person/bc5c4354-fca3-4071-8096-acd9b7b1d09a,https://data.riksdagen.se/filarkiv/bilder/ledamot/bc5c4354-fca3-4071-8096-acd9b7b1d09a_80.jpg
Lena,Malm,S,Göteborgs kommun,Tjänstgörande ersättare,1959,kvinna,,https://data.riksdagen.se/person/d2520c42-1c77-4ae3-ab39-12d5d3914bc0,https://data.riksdagen.se/filarkiv/bilder/ledamot/d2520c42-1c77-4ae3-ab39-12d5d3914bc0_80.jpg
Malcolm Momodou,Jallow,V,Malmö kommun,Tjänstgörande riksdagsledamot,1975,man,,https://data.riksdagen.se/person/f257311a-2900-4db5-a2e2-df250c764ad6,https://data.riksdagen.se/filarkiv/bilder/ledamot/f257311a-2900-4db5-a2e2-df250c764ad6_80.jpg
Ann-Christine,Frohm,SD,Blekinge län,Tjänstgörande riksdagsledamot,1972,kvinna,,https://data.riksdagen.se/person/3298ed49-917f-4230-8cf5-e10a70a93727,https://data.riksdagen.se/filarkiv/bilder/ledamot/3298ed49-917f-4230-8cf5-e10a70a93727_80.jpg
Lili,André,KD,Gävleborgs län,Tjänstgörande riksdagsledamot,1970,kvinna,,https://data.riksdagen.se/person/8bcaa801-9273-4771-a048-4427477353c6,https://data.riksdagen.se/filarkiv/bilder/ledamot/8bcaa801-9273-4771-a048-4427477353c6_80.jpg
Malin,Björk,C,Stockholms kommun,Tjänstgörande riksdagsledamot,1969,kvinna,,https://data.riksdagen.se/person/02b66d05-3a6a-4bdc-9f6b-b938c7cf24b0,https://data.riksdagen.se/filarkiv/bilder/ledamot/02b66d05-3a6a-4bdc-9f6b-b938c7cf24b0_80.jpg
Martin,Melin,L,Stockholms län,Tjänstgörande riksdagsledamot,1967,man,,https://data.riksdagen.se/person/99210e96-940b-4a89-9ce4-964d378087e1,https://data.riksdagen.se/filarkiv/bilder/ledamot/99210e96-940b-4a89-9ce4-964d378087e1_80.jpg
Nadja,Awad,V,Örebro län,Tjänstgörande riksdagsledamot,1991,kvinna,,https://data.riksdagen.se/person/dc9b8a2d-c038-4add-a103-c810a0890f80,https://data.riksdagen.se/filarkiv/bilder/ledamot/dc9b8a2d-c038-4add-a103-c810a0890f80_80.jpg
Lars,Jilmstad,M,Stockholms kommun,Tjänstgörande ersättare,1946,man,,https://data.riksdagen.se/person/66c921d0-cc6d-4137-8e09-bd8c686faa11,https://data.riksdagen.se/filarkiv/bilder/ledamot/66c921d0-cc6d-4137-8e09-bd8c686faa11_80.jpg
Mattias,Karlsson,SD,Kronobergs län,Tjänstgörande riksdagsledamot,1977,man,Norrhult,https://data.riksdagen.se/person/727e2213-ac97-4ceb-bfab-f228debd8074,https://data.riksdagen.se/filarkiv/bilder/ledamot/727e2213-ac97-4ceb-bfab-f228debd8074_80.jpg
Aron,Emilsson,SD,Östergötlands län,Tjänstgörande riksdagsledamot,1990,man,,https://data.riksdagen.se/person/fc43f0dc-4fc1-4e6e-ba11-5b74b20a12b2,https://data.riksdagen.se/filarkiv/bilder/ledamot/fc43f0dc-4fc1-4e6e-ba11-5b74b20a12b2_80.jpg
Lawen,Redar,S,Stockholms kommun,Tjänstgörande riksdagsledamot,1989,kvinna,,https://data.riksdagen.se/person/285a3d5f-cb32-4958-9b7c-1545b2faff18,https://data.riksdagen.se/filarkiv/bilder/ledamot/285a3d5f-cb32-4958-9b7c-1545b2faff18_80.jpg
Elisabeth,Thand Ringqvist,C,Stockholms kommun,Tjänstgörande riksdagsledamot,1972,kvinna,,https://data.riksdagen.se/person/0a3d47e0-9e04-4726-b141-966d1ba8064d,https://data.riksdagen.se/filarkiv/bilder/ledamot/0a3d47e0-9e04-4726-b141-966d1ba8064d_80.jpg
Rasmus,Giertz,SD,Dalarnas län,Tjänstgörande riksdagsledamot,1994,man,,https://data.riksdagen.se/person/bab0f33c-507a-4e6f-a3f7-7239c46732a2,https://data.riksdagen.se/filarkiv/bilder/ledamot/bab0f33c-507a-4e6f-a3f7-7239c46732a2_80.jpg
Kent,Kumpula,SD,Uppsala län,Tjänstgörande riksdagsledamot,1975,man,,https://data.riksdagen.se/person/76654c68-9e1c-4e64-96ff-de387bdb75ab,https://data.riksdagen.se/filarkiv/bilder/ledamot/76654c68-9e1c-4e64-96ff-de387bdb75ab_80.jpg
Sten,Bergheden,M,Västra Götalands läns östra,Tjänstgörande riksdagsledamot,1965,man,,https://data.riksdagen.se/person/641344b2-dc65-4282-b308-8fca005983a1,https://data.riksdagen.se/filarkiv/bilder/ledamot/641344b2-dc65-4282-b308-8fca005983a1_80.jpg
Gudrun,Brunegård,KD,Kalmar län,Tjänstgörande riksdagsledamot,1957,kvinna,,https://data.riksdagen.se/person/aecfc5a6-954f-41b7-8593-998f1c446e1b,https://data.riksdagen.se/filarkiv/bilder/ledamot/aecfc5a6-954f-41b7-8593-998f1c446e1b_80.jpg
Joar,Forssell,L,Stockholms kommun,Tjänstgörande riksdagsledamot,1993,man,,https://data.riksdagen.se/person/1c9bf350-8e09-4e61-b337-d03d4656b86a,https://data.riksdagen.se/filarkiv/bilder/ledamot/1c9bf350-8e09-4e61-b337-d03d4656b86a_80.jpg
Pontus,Andersson Garpvall,SD,Västerbottens län,Tjänstgörande riksdagsledamot,1992,man,,https://data.riksdagen.se/person/cec98313-41c4-4274-993a-939aa4859766,https://data.riksdagen.se/filarkiv/bilder/ledamot/cec98313-41c4-4274-993a-939aa4859766_80.jpg
Linda,Lindberg,SD,Skåne läns västra,Tjänstgörande riksdagsledamot,1974,kvinna,,https://data.riksdagen.se/person/669411b1-9abf-48dd-86c3-628cc7c5d137,https://data.riksdagen.se/filarkiv/bilder/ledamot/669411b1-9abf-48dd-86c3-628cc7c5d137_80.jpg
Richard,Jomshof,SD,Blekinge län,Tjänstgörande riksdagsledamot,1969,man,,https://data.riksdagen.se/person/ea8bae0d-0db4-4c68-b59f-3ba83d5f445d,https://data.riksdagen.se/filarkiv/bilder/ledamot/ea8bae0d-0db4-4c68-b59f-3ba83d5f445d_80.jpg
Lina,Nordquist,L,Uppsala län,Tjänstgörande riksdagsledamot,1977,kvinna,,https://data.riksdagen.se/person/87042942-c4f6-46ff-9eac-fceaf25729d5,https://data.riksdagen.se/filarkiv/bilder/ledamot/87042942-c4f6-46ff-9eac-fceaf25729d5_80.jpg
Christian,Carlsson,KD,Stockholms län,Tjänstgörande riksdagsledamot,1987,man,,https://data.riksdagen.se/person/2774ffff-fec1-459c-b172-974af448f147,https://data.riksdagen.se/filarkiv/bilder/ledamot/2774ffff-fec1-459c-b172-974af448f147_80.jpg
Kristina,Axén Olin,M,Stockholms kommun,Tjänstgörande riksdagsledamot,1962,kvinna,,https://data.riksdagen.se/person/8cafb7dc-dbdd-4ac4-bd56-1e4e75daa4a6,https://data.riksdagen.se/filarkiv/bilder/ledamot/8cafb7dc-dbdd-4ac4-bd56-1e4e75daa4a6_80.jpg
Marie-Louise,Hänel Sandström,M,Göteborgs kommun,Tjänstgörande riksdagsledamot,1968,kvinna,,https://data.riksdagen.se/person/ddbc56dc-35aa-4c01-828c-5a117e4f2682,https://data.riksdagen.se/filarkiv/bilder/ledamot/ddbc56dc-35aa-4c01-828c-5a117e4f2682_80.jpg
Fredrik,Malm,L,Stockholms län,Tjänstgörande riksdagsledamot,1977,man,,https://data.riksdagen.se/person/cf017275-5272-4506-a686-4e1d8edc5ab6,https://data.riksdagen.se/filarkiv/bilder/ledamot/cf017275-5272-4506-a686-4e1d8edc5ab6_80.jpg
Johanna,Rantsi,M,Västra Götalands läns västra,Tjänstgörande riksdagsledamot,1990,kvinna,,https://data.riksdagen.se/person/0e87a191-cc1d-47c5-b4dd-4f8e5e2a03a6,https://data.riksdagen.se/filarkiv/bilder/ledamot/0e87a191-cc1d-47c5-b4dd-4f8e5e2a03a6_80.jpg
Yusuf,Aydin,KD,Stockholms län,Tjänstgörande statsrådsersättare,1982,man,,https://data.riksdagen.se/person/533ec261-0b17-4458-b6bd-e3e7e2cad6d6,https://data.riksdagen.se/filarkiv/bilder/ledamot/533ec261-0b17-4458-b6bd-e3e7e2cad6d6_80.jpg
Camilla,Rinaldo Miller,KD,Jönköpings län,Tjänstgörande statsrådsersättare,1969,kvinna,,https://data.riksdagen.se/person/f35d1113-d26c-4e3f-aec4-b175d31d384f,https://data.riksdagen.se/filarkiv/bilder/ledamot/f35d1113-d26c-4e3f-aec4-b175d31d384f_80.jpg
Martina,Johansson,C,Södermanlands län,Tjänstgörande riksdagsledamot,1975,kvinna,,https://data.riksdagen.se/person/5f965f4e-69e5-489d-99bf-a8908fc3e34a,https://data.riksdagen.se/filarkiv/bilder/ledamot/5f965f4e-69e5-489d-99bf-a8908fc3e34a_80.jpg
Josefin,Malmqvist,M,Stockholms län,Tjänstgörande riksdagsledamot,1987,kvinna,,https://data.riksdagen.se/person/698a36fb-19f3-48cf-bfda-20a17195fbd5,https://data.riksdagen.se/filarkiv/bilder/ledamot/698a36fb-19f3-48cf-bfda-20a17195fbd5_80.jpg
Katja,Nyberg,SD,Kronobergs län,Tjänstgörande riksdagsledamot,1971,kvinna,,https://data.riksdagen.se/person/243a8476-df07-435b-b2e8-50d03926ae51,https://data.riksdagen.se/filarkiv/bilder/ledamot/243a8476-df07-435b-b2e8-50d03926ae51_80.jpg
Eric,Westroth,SD,Jönköpings län,Tjänstgörande riksdagsledamot,1971,man,,https://data.riksdagen.se/person/a7390cef-27c2-4068-800d-ee21b1a94c69,https://data.riksdagen.se/filarkiv/bilder/ledamot/a7390cef-27c2-4068-800d-ee21b1a94c69_80.jpg
Muharrem,Demirok,C,Östergötlands län,Tjänstgörande riksdagsledamot,1976,man,,https://data.riksdagen.se/person/8f411454-d7ac-46dd-b505-ad4de24ad18b,https://data.riksdagen.se/filarkiv/bilder/ledamot/8f411454-d7ac-46dd-b505-ad4de24ad18b_80.jpg
Louise,Eklund,L,Malmö kommun,Tjänstgörande riksdagsledamot,1979,kvinna,,https://data.riksdagen.se/person/b0869471-2089-4596-9137-ddc9efd91555,https://data.riksdagen.se/filarkiv/bilder/ledamot/b0869471-2089-4596-9137-ddc9efd91555_80.jpg
Anders,Ådahl,C,Västra Götalands läns västra,Tjänstgörande riksdagsledamot,1972,man,,https://data.riksdagen.se/person/59b84d84-3bc8-4175-a3b7-16f5ed8f6b25,https://data.riksdagen.se/filarkiv/bilder/ledamot/59b84d84-3bc8-4175-a3b7-16f5ed8f6b25_80.jpg
Oscar,Sjöstedt,SD,Västmanlands län,Tjänstgörande riksdagsledamot,1981,man,,https://data.riksdagen.se/person/78e41c66-0d03-4914-9369-f03b795217e5,https://data.riksdagen.se/filarkiv/bilder/ledamot/78e41c66-0d03-4914-9369-f03b795217e5_80.jpg
Mikael,Oscarsson,KD,Uppsala län,Tjänstgörande riksdagsledamot,1967,man,,https://data.riksdagen.se/person/d7c3256b-83e4-11d4-ae60-0050040c9b55,https://data.riksdagen.se/filarkiv/bilder/ledamot/d7c3256b-83e4-11d4-ae60-0050040c9b55_80.jpg
Mattias,Bäckström Johansson,SD,Kalmar län,Tjänstgörande riksdagsledamot,1985,man,,https://data.riksdagen.se/person/cb0336b4-54a8-4384-abe3-8d6cbebc63fa,https://data.riksdagen.se/filarkiv/bilder/ledamot/cb0336b4-54a8-4384-abe3-8d6cbebc63fa_80.jpg
Arin,Karapet,M,Stockholms kommun,Tjänstgörande riksdagsledamot,1988,man,,https://data.riksdagen.se/person/2658d745-0315-41b7-926c-f136a7803b88,https://data.riksdagen.se/filarkiv/bilder/ledamot/2658d745-0315-41b7-926c-f136a7803b88_80.jpg
Angelika,Bengtsson,SD,Stockholms kommun,Tjänstgörande riksdagsledamot,1990,kvinna,,https://data.riksdagen.se/person/9d68c0c3-2102-402d-998f-dc56a410d19d,https://data.riksdagen.se/filarkiv/bilder/ledamot/9d68c0c3-2102-402d-998f-dc56a410d19d_80.jpg
Jimmy,Ståhl,SD,Göteborgs kommun,Tjänstgörande riksdagsledamot,1975,man,,https://data.riksdagen.se/person/c63331e9-02ca-4f71-a7de-9a17e2ec4ac4,https://data.riksdagen.se/filarkiv/bilder/ledamot/c63331e9-02ca-4f71-a7de-9a17e2ec4ac4_80.jpg
Katarina,Tolgfors,M,Örebro län,Tjänstgörande statsrådsersättare,1967,kvinna,,https://data.riksdagen.se/person/eefa5137-f4ca-4462-8d51-a8267b469507,https://data.riksdagen.se/filarkiv/bilder/ledamot/eefa5137-f4ca-4462-8d51-a8267b469507_80.jpg
Oskar,Svärd,M,Örebro län,Tjänstgörande riksdagsledamot,1995,man,,https://data.riksdagen.se/person/550799bc-79b5-4dff-a26a-94c96a61ab5b,https://data.riksdagen.se/filarkiv/bilder/ledamot/550799bc-79b5-4dff-a26a-94c96a61ab5b_80.jpg
Ulf,Lindholm,SD,Västernorrlands län,Tjänstgörande riksdagsledamot,1963,man,,https://data.riksdagen.se/person/0ce4c821-ec93-4deb-9fce-8b31f7355518,https://data.riksdagen.se/filarkiv/bilder/ledamot/0ce4c821-ec93-4deb-9fce-8b31f7355518_80.jpg
Roland,Utbult,KD,Västra Götalands läns västra,Tjänstgörande riksdagsledamot,1951,man,,https://data.riksdagen.se/person/e3b6587d-15fd-4a54-a95b-c1eaa56d2f68,https://data.riksdagen.se/filarkiv/bilder/ledamot/e3b6587d-15fd-4a54-a95b-c1eaa56d2f68_80.jpg
