riksmote,arende,arende_punkt,ledamot_namn,parti,valkrets,rost,avser,voteringstyp,registrerat,dok_id
2025/26,AU10,3,Kenneth G Forslund,S,Västra Götalands läns västra,Ja,sakfrågan,huvud,2026-03-04 16:36:21,HD01AU10
2025/26,AU10,3,Julia Kronlid,SD,Stockholms län,Ja,sakfrågan,huvud,2026-03-04 16:36:21,HD01AU10
2025/26,AU10,3,Kerstin Lundgren,C,Stockholms län,Frånvarande,sakfrågan,huvud,2026-03-04 16:36:21,HD01AU10
2025/26,AU10,3,Anders Ygeman,S,Stockholms kommun,Ja,sakfrågan,huvud,2026-03-04 16:36:21,HD01AU10
2025/26,AU10,3,Margareta Cederfelt,M,Stockholms kommun,Ja,sakfrågan,huvud,2026-03-04 16:36:21,HD01AU10
2025/26,AU10,3,Karin Enström,M,Stockholms län,Ja,sakfrågan,huvud,2026-03-04 16:36:21,HD01AU10
2025/26,AU10,3,Mikael Damberg,S,Stockholms län,Ja,sakfrågan,huvud,2026-03-04 16:36:21,HD01AU10
2025/26,AU10,3,Adam Reuterskiöld,M,Stockholms län,Ja,sakfrågan,huvud,2026-03-04 16:36:21,HD01AU10
2025/26,AU10,3,Fredrik Olovsson,S,Södermanlands län,Ja,sakfrågan,huvud,2026-03-04 16:36:21,HD01AU10
2025/26,AU10,3,Helena Bouveng,M,Jönköpings län,Ja,sakfrågan,huvud,2026-03-04 16:36:21,HD01AU10
2025/26,AU10,3,Hanna Westerén,S,Gotlands län,Ja,sakfrågan,huvud,2026-03-04 16:36:21,HD01AU10
2025/26,AU10,3,Jesper Skalberg Karlsson,M,Gotlands län,Frånvarande,sakfrågan,huvud,2026-03-04 16:36:21,HD01AU10
2025/26,AU10,3,Patrick Reslow,SD,Malmö kommun,Ja,sakfrågan,huvud,2026-03-04 16:36:21,HD01AU10
2025/26,AU10,3,Malte Tängmark Roos,MP,Malmö kommun,Nej,sakfrågan,huvud,2026-03-04 16:36:21,HD01AU10
2025/26,AU10,3,Lars Johnsson,M,Skåne läns norra och östra,Ja,sakfrågan,huvud,2026-03-04 16:36:21,HD01AU10
2025/26,AU10,3,Björn Söder,SD,Skåne läns norra och östra,Ja,sakfrågan,huvud,2026-03-04 16:36:21,HD01AU10
2025/26,AU10,3,Gunilla Carlsson,S,Göteborgs kommun,Ja,sakfrågan,huvud,2026-03-04 16:36:21,HD01AU10
2025/26,AU10,3,Mattias Jonsson,S,Göteborgs kommun,Ja,sakfrågan,huvud,2026-03-04 16:36:21,HD01AU10
2025/26,AU10,3,Cecilia Gustafsson,M,Västra Götalands läns norra,Frånvarande,sakfrågan,huvud,2026-03-04 16:36:21,HD01AU10
2025/26,AU10,3,Ida Ekeroth Clausson,S,Västra Götalands läns östra,Ja,sakfrågan,huvud,2026-03-04 16:36:21,HD01AU10
2025/26,AU10,3,Patrik Björck,S,Västra Götalands läns östra,Ja,sakfrågan,huvud,2026-03-04 16:36:21,HD01AU10
2025/26,AU10,3,Peter Hultqvist,S,Dalarnas län,Ja,sakfrågan,huvud,2026-03-04 16:36:21,HD01AU10
2025/26,AU10,3,Anders W Jonsson,C,Gävleborgs län,Ja,sakfrågan,huvud,2026-03-04 16:36:21,HD01AU10
2025/26,AU10,3,Mats Berglund,MP,Stockholms kommun,Nej,sakfrågan,huvud,2026-03-04 16:36:21,HD01AU10
2025/26,AU10,3,Carl Nordblom,M,Stockholms kommun,Ja,sakfrågan,huvud,2026-03-04 16:36:21,HD01AU10
2025/26,AU10,3,Merit Frost Lindberg,M,Stockholms kommun,Ja,sakfrågan,huvud,2026-03-04 16:36:21,HD01AU10
2025/26,AU10,3,Fredrik Malm,L,Stockholms län,Ja,sakfrågan,huvud,2026-03-04 16:36:21,HD01AU10
2025/26,AU10,3,Ingela Nylund Watz,S,Stockholms län,Frånvarande,sakfrågan,huvud,2026-03-04 16:36:21,HD01AU10
2025/26,AU10,3,Yusuf Aydin,KD,Stockholms län,Ja,sakfrågan,huvud,2026-03-04 16:36:21,HD01AU10
2025/26,AU10,3,Anna Sillén,M,Södermanlands län,Ja,sakfrågan,huvud,2026-03-04 16:36:21,HD01AU10
2025/26,AU10,3,Caroline Helmersson Olsson,S,Södermanlands län,Frånvarande,sakfrågan,huvud,2026-03-04 16:36:21,HD01AU10
2025/26,AU10,3,Hans Ekström,S,Södermanlands län,Ja,sakfrågan,huvud,2026-03-04 16:36:21,HD01AU10
2025/26,AU10,3,Anders Karlsson,C,Jönköpings län,Ja,sakfrågan,huvud,2026-03-04 16:36:21,HD01AU10
2025/26,AU10,3,Jimmie Åkesson,SD,Jönköpings län,Frånvarande,sakfrågan,huvud,2026-03-04 16:36:21,HD01AU10
2025/26,AU10,3,Jamal El-Haj,-,Malmö kommun,Ja,sakfrågan,huvud,2026-03-04 16:36:21,HD01AU10
2025/26,AU10,3,Malcolm Momodou Jallow,V,Malmö kommun,Frånvarande,sakfrågan,huvud,2026-03-04 16:36:21,HD01AU10
2025/26,AU10,3,Joakim Sandell,S,Malmö kommun,Ja,sakfrågan,huvud,2026-03-04 16:36:21,HD01AU10
2025/26,AU10,3,Per-Arne Håkansson,S,Skåne läns norra och östra,Ja,sakfrågan,huvud,2026-03-04 16:36:21,HD01AU10
2025/26,AU10,3,Magnus Persson,SD,Skåne läns norra och östra,Ja,sakfrågan,huvud,2026-03-04 16:36:21,HD01AU10
2025/26,AU10,3,Rickard Nordin,C,Göteborgs kommun,Ja,sakfrågan,huvud,2026-03-04 16:36:21,HD01AU10
2025/26,AU10,3,Jimmy Ståhl,SD,Göteborgs kommun,Frånvarande,sakfrågan,huvud,2026-03-04 16:36:21,HD01AU10
2025/26,AU10,3,Maj Karlsson,V,Göteborgs kommun,Avstår,sakfrågan,huvud,2026-03-04 16:36:21,HD01AU10
2025/26,AU10,3,Markus Wiechel,SD,Västra Götalands läns norra,Ja,sakfrågan,huvud,2026-03-04 16:36:21,HD01AU10
2025/26,AU10,3,Ulrika Heie,C,Västra Götalands läns östra,Ja,sakfrågan,huvud,2026-03-04 16:36:21,HD01AU10
2025/26,AU10,3,Sten Bergheden,M,Västra Götalands läns östra,Ja,sakfrågan,huvud,2026-03-04 16:36:21,HD01AU10
2025/26,AU10,3,Crister Carlsson,M,Dalarnas län,Ja,sakfrågan,huvud,2026-03-04 16:36:21,HD01AU10
2025/26,AU10,3,Rasmus Giertz,SD,Dalarnas län,Frånvarande,sakfrågan,huvud,2026-03-04 16:36:21,HD01AU10
2025/26,AU10,3,Lars Beckman,M,Gävleborgs län,Ja,sakfrågan,huvud,2026-03-04 16:36:21,HD01AU10
2025/26,AU10,3,Roger Hedlund,SD,Gävleborgs län,Ja,sakfrågan,huvud,2026-03-04 16:36:21,HD01AU10
2025/26,AU10,3,Andreas Lennkvist Manriquez,V,Stockholms kommun,Avstår,sakfrågan,huvud,2026-03-04 16:36:21,HD01AU10
2025/26,AU10,3,Karin Rågsjö,V,Stockholms kommun,Avstår,sakfrågan,huvud,2026-03-04 16:36:21,HD01AU10
2025/26,AU10,3,Maria Stockhaus,M,Stockholms län,Ja,sakfrågan,huvud,2026-03-04 16:36:21,HD01AU10
2025/26,AU10,3,Magdalena Andersson,S,Stockholms län,Ja,sakfrågan,huvud,2026-03-04 16:36:21,HD01AU10
2025/26,AU10,3,Leif Nysmed,S,Stockholms län,Ja,sakfrågan,huvud,2026-03-04 16:36:21,HD01AU10
2025/26,AU10,3,Åsa Westlund,S,Stockholms län,Ja,sakfrågan,huvud,2026-03-04 16:36:21,HD01AU10
2025/26,AU10,3,Adam Marttinen,SD,Södermanlands län,Ja,sakfrågan,huvud,2026-03-04 16:36:21,HD01AU10
2025/26,AU10,3,Lotta Johnsson Fornarve,V,Södermanlands län,Avstår,sakfrågan,huvud,2026-03-04 16:36:21,HD01AU10
2025/26,AU10,3,Martina Johansson,C,Södermanlands län,Ja,sakfrågan,huvud,2026-03-04 16:36:21,HD01AU10
2025/26,AU10,3,Ann-Sofie Lifvenhage,M,Södermanlands län,Ja,sakfrågan,huvud,2026-03-04 16:36:21,HD01AU10
2025/26,AU10,3,Mats Green,M,Jönköpings län,Ja,sakfrågan,huvud,2026-03-04 16:36:21,HD01AU10
2025/26,AU10,3,Johanna Haraldsson,S,Jönköpings län,Ja,sakfrågan,huvud,2026-03-04 16:36:21,HD01AU10
2025/26,AU10,3,Niels Paarup-Petersen,C,Malmö kommun,Ja,sakfrågan,huvud,2026-03-04 16:36:21,HD01AU10
2025/26,AU10,3,Noria Manouchi,M,Malmö kommun,Frånvarande,sakfrågan,huvud,2026-03-04 16:36:21,HD01AU10
2025/26,AU10,3,Mikael Eskilandersson,SD,Skåne läns norra och östra,Ja,sakfrågan,huvud,2026-03-04 16:36:21,HD01AU10
2025/26,AU10,3,Ludvig Ceimertz,M,Skåne läns norra och östra,Ja,sakfrågan,huvud,2026-03-04 16:36:21,HD01AU10
2025/26,AU10,3,Anna Wallentheim,S,Skåne läns norra och östra,Ja,sakfrågan,huvud,2026-03-04 16:36:21,HD01AU10
2025/26,AU10,3,Thomas Morell,SD,Skåne läns norra och östra,Frånvarande,sakfrågan,huvud,2026-03-04 16:36:21,HD01AU10
2025/26,AU10,3,Johan Büser,S,Göteborgs kommun,Ja,sakfrågan,huvud,2026-03-04 16:36:21,HD01AU10
2025/26,AU10,3,Helene Odenjung,L,Göteborgs kommun,Ja,sakfrågan,huvud,2026-03-04 16:36:21,HD01AU10
2025/26,AU10,3,Jonathan Svensson,S,Västra Götalands läns norra,Ja,sakfrågan,huvud,2026-03-04 16:36:21,HD01AU10
2025/26,AU10,3,Magnus Jacobsson,KD,Västra Götalands läns norra,Ja,sakfrågan,huvud,2026-03-04 16:36:21,HD01AU10
2025/26,AU10,3,Erik Ezelius,S,Västra Götalands läns östra,Ja,sakfrågan,huvud,2026-03-04 16:36:21,HD01AU10
2025/26,AU10,3,Jörgen Grubb,SD,Västra Götalands läns östra,Ja,sakfrågan,huvud,2026-03-04 16:36:21,HD01AU10
2025/26,AU10,3,Sara Gille,SD,Dalarnas län,Ja,sakfrågan,huvud,2026-03-04 16:36:21,HD01AU10
2025/26,AU10,3,Marie Olsson,S,Dalarnas län,Ja,sakfrågan,huvud,2026-03-04 16:36:21,HD01AU10
2025/26,AU10,3,Patrik Lundqvist,S,Gävleborgs län,Ja,sakfrågan,huvud,2026-03-04 16:36:21,HD01AU10
2025/26,AU10,3,Viktor Wärnick,M,Gävleborgs län,Ja,sakfrågan,huvud,2026-03-04 16:36:21,HD01AU10
2025/26,AU10,3,Fredrik Lundh Sammeli,S,Norrbottens län,Ja,sakfrågan,huvud,2026-03-04 16:36:21,HD01AU10
2025/26,AU10,3,Birger Lahti,V,Norrbottens län,Avstår,sakfrågan,huvud,2026-03-04 16:36:21,HD01AU10
2025/26,AU10,3,Angelika Bengtsson,SD,Stockholms kommun,Frånvarande,sakfrågan,huvud,2026-03-04 16:36:21,HD01AU10
2025/26,AU10,3,Lawen Redar,S,Stockholms kommun,Ja,sakfrågan,huvud,2026-03-04 16:36:21,HD01AU10
2025/26,AU10,3,Joanna Lewerentz,M,Stockholms län,Ja,sakfrågan,huvud,2026-03-04 16:36:21,HD01AU10
2025/26,AU10,3,Martin Kinnunen,SD,Stockholms län,Ja,sakfrågan,huvud,2026-03-04 16:36:21,HD01AU10
2025/26,AU10,3,Nooshi Dadgostar,V,Stockholms län,Avstår,sakfrågan,huvud,2026-03-04 16:36:21,HD01AU10
2025/26,AU10,3,Alexandra Völker,S,Stockholms län,Ja,sakfrågan,huvud,2026-03-04 16:36:21,HD01AU10
2025/26,AU10,3,Sofia Amloh,S,Södermanlands län,Ja,sakfrågan,huvud,2026-03-04 16:36:21,HD01AU10
2025/26,AU10,3,Linus Lakso,MP,Södermanlands län,Nej,sakfrågan,huvud,2026-03-04 16:36:21,HD01AU10
2025/26,AU10,3,Johan Löfstrand,S,Östergötlands län,Frånvarande,sakfrågan,huvud,2026-03-04 16:36:21,HD01AU10
2025/26,AU10,3,Susanne Nordström,M,Östergötlands län,Ja,sakfrågan,huvud,2026-03-04 16:36:21,HD01AU10
2025/26,AU10,3,Carina Ödebrink,S,Jönköpings län,Ja,sakfrågan,huvud,2026-03-04 16:36:21,HD01AU10
2025/26,AU10,3,Camilla Rinaldo Miller,KD,Jönköpings län,Ja,sakfrågan,huvud,2026-03-04 16:36:21,HD01AU10
2025/26,AU10,3,Rose-Marie Carlsson,S,Malmö kommun,Ja,sakfrågan,huvud,2026-03-04 16:36:21,HD01AU10
2025/26,AU10,3,Peter Ollén,M,Malmö kommun,Ja,sakfrågan,huvud,2026-03-04 16:36:21,HD01AU10
2025/26,AU10,3,Ewa Pihl Krabbe,S,Skåne läns norra och östra,Ja,sakfrågan,huvud,2026-03-04 16:36:21,HD01AU10
2025/26,AU10,3,Torsten Elofsson,KD,Skåne läns norra och östra,Ja,sakfrågan,huvud,2026-03-04 16:36:21,HD01AU10
2025/26,AU10,3,Jennie Nilsson,S,Hallands län,Ja,sakfrågan,huvud,2026-03-04 16:36:21,HD01AU10
2025/26,AU10,3,Arber Gashi,S,Hallands län,Ja,sakfrågan,huvud,2026-03-04 16:36:21,HD01AU10
2025/26,AU10,3,Dennis Dioukarev,SD,Göteborgs kommun,Ja,sakfrågan,huvud,2026-03-04 16:36:21,HD01AU10
2025/26,AU10,3,Marie-Louise Hänel Sandström,M,Göteborgs kommun,Ja,sakfrågan,huvud,2026-03-04 16:36:21,HD01AU10
2025/26,AU10,3,Mats Wiking,S,Västra Götalands läns norra,Ja,sakfrågan,huvud,2026-03-04 16:36:21,HD01AU10
2025/26,AU10,3,Ann-Sofie Alm,M,Västra Götalands läns norra,Ja,sakfrågan,huvud,2026-03-04 16:36:21,HD01AU10
2025/26,AU10,3,Dan Hovskär,KD,Västra Götalands läns östra,Ja,sakfrågan,huvud,2026-03-04 16:36:21,HD01AU10
2025/26,AU10,3,Tobias Andersson,SD,Västra Götalands läns östra,Ja,sakfrågan,huvud,2026-03-04 16:36:21,HD01AU10
2025/26,AU10,3,Malin Höglund,M,Dalarnas län,Ja,sakfrågan,huvud,2026-03-04 16:36:21,HD01AU10
2025/26,AU10,3,Kajsa Fredholm,V,Dalarnas län,Avstår,sakfrågan,huvud,2026-03-04 16:36:21,HD01AU10
2025/26,AU10,3,Kristoffer Lindberg,S,Gävleborgs län,Ja,sakfrågan,huvud,2026-03-04 16:36:21,HD01AU10
2025/26,AU10,3,Lili André,KD,Gävleborgs län,Ja,sakfrågan,huvud,2026-03-04 16:36:21,HD01AU10
2025/26,AU10,3,Ida Karkiainen,S,Norrbottens län,Ja,sakfrågan,huvud,2026-03-04 16:36:21,HD01AU10
2025/26,AU10,3,Linus Sköld,S,Norrbottens län,Ja,sakfrågan,huvud,2026-03-04 16:36:21,HD01AU10
2025/26,AU10,3,Mattias Vepsä,S,Stockholms kommun,Ja,sakfrågan,huvud,2026-03-04 16:36:21,HD01AU10
2025/26,AU10,3,Kristina Axén Olin,M,Stockholms kommun,Ja,sakfrågan,huvud,2026-03-04 16:36:21,HD01AU10
2025/26,AU10,3,Ida Drougge,M,Stockholms län,Ja,sakfrågan,huvud,2026-03-04 16:36:21,HD01AU10
2025/26,AU10,3,Daniel Riazat,-,Stockholms län,Avstår,sakfrågan,huvud,2026-03-04 16:36:21,HD01AU10
2025/26,AU10,3,Robert Stenkvist,SD,Stockholms län,Frånvarande,sakfrågan,huvud,2026-03-04 16:36:21,HD01AU10
2025/26,AU10,3,Azadeh Rojhan,S,Stockholms län,Ja,sakfrågan,huvud,2026-03-04 16:36:21,HD01AU10
2025/26,AU10,3,Mikael Oscarsson,KD,Uppsala län,Ja,sakfrågan,huvud,2026-03-04 16:36:21,HD01AU10
2025/26,AU10,3,Mattias Eriksson Falk,SD,Södermanlands län,Ja,sakfrågan,huvud,2026-03-04 16:36:21,HD01AU10
2025/26,AU10,3,Johan Andersson,S,Östergötlands län,Ja,sakfrågan,huvud,2026-03-04 16:36:21,HD01AU10
2025/26,AU10,3,Chris Dahlqvist,SD,Östergötlands län,Ja,sakfrågan,huvud,2026-03-04 16:36:21,HD01AU10
2025/26,AU10,3,Staffan Eklöf,SD,Jönköpings län,Ja,sakfrågan,huvud,2026-03-04 16:36:21,HD01AU10
2025/26,AU10,3,Eric Westroth,SD,Jönköpings län,Ja,sakfrågan,huvud,2026-03-04 16:36:21,HD01AU10
2025/26,AU10,3,Louise Eklund,L,Malmö kommun,Frånvarande,sakfrågan,huvud,2026-03-04 16:36:21,HD01AU10
2025/26,AU10,3,Nima Gholam Ali Pour,SD,Malmö kommun,Ja,sakfrågan,huvud,2026-03-04 16:36:21,HD01AU10
2025/26,AU10,3,Morgan Johansson,S,Skåne läns södra,Ja,sakfrågan,huvud,2026-03-04 16:36:21,HD01AU10
2025/26,AU10,3,Boriana Åberg,M,Skåne läns södra,Ja,sakfrågan,huvud,2026-03-04 16:36:21,HD01AU10
2025/26,AU10,3,Larry Söder,KD,Hallands län,Ja,sakfrågan,huvud,2026-03-04 16:36:21,HD01AU10
2025/26,AU10,3,Lars Püss,M,Hallands län,Frånvarande,sakfrågan,huvud,2026-03-04 16:36:21,HD01AU10
2025/26,AU10,3,David Josefsson,M,Göteborgs kommun,Ja,sakfrågan,huvud,2026-03-04 16:36:21,HD01AU10
2025/26,AU10,3,Leila Ali Elmi,MP,Göteborgs kommun,Nej,sakfrågan,huvud,2026-03-04 16:36:21,HD01AU10
2025/26,AU10,3,Matheus Enholm,SD,Västra Götalands läns norra,Frånvarande,sakfrågan,huvud,2026-03-04 16:36:21,HD01AU10
2025/26,AU10,3,Louise Thunström,S,Västra Götalands läns norra,Frånvarande,sakfrågan,huvud,2026-03-04 16:36:21,HD01AU10
2025/26,AU10,3,Charlotte Nordström,M,Västra Götalands läns östra,Ja,sakfrågan,huvud,2026-03-04 16:36:21,HD01AU10
2025/26,AU10,3,Lars Mejern Larsson,S,Värmlands län,Ja,sakfrågan,huvud,2026-03-04 16:36:21,HD01AU10
2025/26,AU10,3,Ulrika Liljeberg,C,Dalarnas län,Ja,sakfrågan,huvud,2026-03-04 16:36:21,HD01AU10
2025/26,AU10,3,Lars Isacsson,S,Dalarnas län,Ja,sakfrågan,huvud,2026-03-04 16:36:21,HD01AU10
2025/26,AU10,3,Daniel Persson,SD,Gävleborgs län,Ja,sakfrågan,huvud,2026-03-04 16:36:21,HD01AU10
2025/26,AU10,3,Samuel Gonzalez Westling,V,Gävleborgs län,Avstår,sakfrågan,huvud,2026-03-04 16:36:21,HD01AU10
2025/26,AU10,3,Eric Palmqvist,SD,Norrbottens län,Ja,sakfrågan,huvud,2026-03-04 16:36:21,HD01AU10
2025/26,AU10,3,Mattias Karlsson,M,Norrbottens län,Ja,sakfrågan,huvud,2026-03-04 16:36:21,HD01AU10
2025/26,AU10,3,Martin Ådahl,C,Stockholms kommun,Ja,sakfrågan,huvud,2026-03-04 16:36:21,HD01AU10
2025/26,AU10,3,Lorena Delgado Varas,-,Stockholms kommun,Avstår,sakfrågan,huvud,2026-03-04 16:36:21,HD01AU10
2025/26,AU10,3,Annika Strandhäll,S,Stockholms kommun,Ja,sakfrågan,huvud,2026-03-04 16:36:21,HD01AU10
2025/26,AU10,3,Serkan Köse,S,Stockholms län,Ja,sakfrågan,huvud,2026-03-04 16:36:21,HD01AU10
2025/26,AU10,3,Mathias Tegnér,S,Stockholms län,Ja,sakfrågan,huvud,2026-03-04 16:36:21,HD01AU10
2025/26,AU10,3,Annika Hirvonen,MP,Stockholms län,Nej,sakfrågan,huvud,2026-03-04 16:36:21,HD01AU10
2025/26,AU10,3,Fredrik Ahlstedt,M,Uppsala län,Frånvarande,sakfrågan,huvud,2026-03-04 16:36:21,HD01AU10
2025/26,AU10,3,Ardalan Shekarabi,S,Uppsala län,Ja,sakfrågan,huvud,2026-03-04 16:36:21,HD01AU10
2025/26,AU10,3,Magnus Oscarsson,KD,Östergötlands län,Ja,sakfrågan,huvud,2026-03-04 16:36:21,HD01AU10
2025/26,AU10,3,Mattias Ottosson,S,Östergötlands län,Ja,sakfrågan,huvud,2026-03-04 16:36:21,HD01AU10
2025/26,AU10,3,Ciczie Weidby,V,Jönköpings län,Avstår,sakfrågan,huvud,2026-03-04 16:36:21,HD01AU10
2025/26,AU10,3,Jakob Olofsgård,L,Jönköpings län,Ja,sakfrågan,huvud,2026-03-04 16:36:21,HD01AU10
2025/26,AU10,3,Richard Jomshof,SD,Blekinge län,Ja,sakfrågan,huvud,2026-03-04 16:36:21,HD01AU10
2025/26,AU10,3,Magnus Manhammar,S,Blekinge län,Ja,sakfrågan,huvud,2026-03-04 16:36:21,HD01AU10
2025/26,AU10,3,Mats Persson,L,Skåne läns södra,Ja,sakfrågan,huvud,2026-03-04 16:36:21,HD01AU10
2025/26,AU10,3,Marianne Fundahn,S,Skåne läns södra,Ja,sakfrågan,huvud,2026-03-04 16:36:21,HD01AU10
2025/26,AU10,3,Sara-Lena Bjälkö,-,Hallands län,Ja,sakfrågan,huvud,2026-03-04 16:36:21,HD01AU10
2025/26,AU10,3,Helena Storckenfeldt,M,Hallands län,Ja,sakfrågan,huvud,2026-03-04 16:36:21,HD01AU10
2025/26,AU10,3,Tony Haddou,V,Göteborgs kommun,Avstår,sakfrågan,huvud,2026-03-04 16:36:21,HD01AU10
2025/26,AU10,3,Emma Nohrén,MP,Göteborgs kommun,Nej,sakfrågan,huvud,2026-03-04 16:36:21,HD01AU10
2025/26,AU10,3,Jan Ericson,M,Västra Götalands läns södra,Ja,sakfrågan,huvud,2026-03-04 16:36:21,HD01AU10
2025/26,AU10,3,Petter Löberg,S,Västra Götalands läns södra,Ja,sakfrågan,huvud,2026-03-04 16:36:21,HD01AU10
2025/26,AU10,3,Blåvitt Elofsson,S,Värmlands län,Ja,sakfrågan,huvud,2026-03-04 16:36:21,HD01AU10
2025/26,AU10,3,Daniel Bäckström,C,Värmlands län,Ja,sakfrågan,huvud,2026-03-04 16:36:21,HD01AU10
2025/26,AU10,3,Anna-Lena Hedberg,SD,Dalarnas län,Ja,sakfrågan,huvud,2026-03-04 16:36:21,HD01AU10
2025/26,AU10,3,Mathias Bengtsson,KD,Dalarnas län,Ja,sakfrågan,huvud,2026-03-04 16:36:21,HD01AU10
2025/26,AU10,3,Sanna Backeskog,S,Gävleborgs län,Ja,sakfrågan,huvud,2026-03-04 16:36:21,HD01AU10
2025/26,AU10,3,Linnéa Wickman,S,Gävleborgs län,Ja,sakfrågan,huvud,2026-03-04 16:36:21,HD01AU10
2025/26,AU10,3,Johnny Svedin,SD,Norrbottens län,Ja,sakfrågan,huvud,2026-03-04 16:36:21,HD01AU10
2025/26,AU10,3,Zara Leghissa,S,Norrbottens län,Ja,sakfrågan,huvud,2026-03-04 16:36:21,HD01AU10
2025/26,AU10,3,Camilla Brodin,KD,Stockholms kommun,Ja,sakfrågan,huvud,2026-03-04 16:36:21,HD01AU10
2025/26,AU10,3,Ida Gabrielsson,V,Stockholms kommun,Frånvarande,sakfrågan,huvud,2026-03-04 16:36:21,HD01AU10
2025/26,AU10,3,Arin Karapet,M,Stockholms kommun,Ja,sakfrågan,huvud,2026-03-04 16:36:21,HD01AU10
2025/26,AU10,3,Henrik Vinge,SD,Stockholms kommun,Ja,sakfrågan,huvud,2026-03-04 16:36:21,HD01AU10
2025/26,AU10,3,Erik Ottoson,M,Stockholms län,Ja,sakfrågan,huvud,2026-03-04 16:36:21,HD01AU10
2025/26,AU10,3,Gulan Avci,L,Stockholms län,Ja,sakfrågan,huvud,2026-03-04 16:36:21,HD01AU10
2025/26,AU10,3,Anna Vikström,S,Stockholms län,Ja,sakfrågan,huvud,2026-03-04 16:36:21,HD01AU10
2025/26,AU10,3,Alexandra Anstrell,M,Stockholms län,Ja,sakfrågan,huvud,2026-03-04 16:36:21,HD01AU10
2025/26,AU10,3,Sanne Lennström,S,Uppsala län,Ja,sakfrågan,huvud,2026-03-04 16:36:21,HD01AU10
2025/26,AU10,3,Gustaf Lantz,S,Uppsala län,Frånvarande,sakfrågan,huvud,2026-03-04 16:36:21,HD01AU10
2025/26,AU10,3,Malin Östh,V,Östergötlands län,Avstår,sakfrågan,huvud,2026-03-04 16:36:21,HD01AU10
2025/26,AU10,3,Teresa Carvalho,S,Östergötlands län,Ja,sakfrågan,huvud,2026-03-04 16:36:21,HD01AU10
2025/26,AU10,3,Azra Muranovic,S,Jönköpings län,Ja,sakfrågan,huvud,2026-03-04 16:36:21,HD01AU10
2025/26,AU10,3,Niklas Sigvardsson,S,Jönköpings län,Ja,sakfrågan,huvud,2026-03-04 16:36:21,HD01AU10
2025/26,AU10,3,Heléne Björklund,S,Blekinge län,Ja,sakfrågan,huvud,2026-03-04 16:36:21,HD01AU10
2025/26,AU10,3,Ann-Christine Frohm,SD,Blekinge län,Ja,sakfrågan,huvud,2026-03-04 16:36:21,HD01AU10
2025/26,AU10,3,Ann-Charlotte Hammar Johnsson,M,Skåne läns västra,Ja,sakfrågan,huvud,2026-03-04 16:36:21,HD01AU10
2025/26,AU10,3,Pia Trollehjelm,SD,Skåne läns västra,Ja,sakfrågan,huvud,2026-03-04 16:36:21,HD01AU10
2025/26,AU10,3,Lars Andersson,SD,Skåne läns södra,Ja,sakfrågan,huvud,2026-03-04 16:36:21,HD01AU10
2025/26,AU10,3,Hanna Gunnarsson,V,Skåne läns södra,Avstår,sakfrågan,huvud,2026-03-04 16:36:21,HD01AU10
2025/26,AU10,3,Jan Riise,MP,Hallands län,Nej,sakfrågan,huvud,2026-03-04 16:36:21,HD01AU10
2025/26,AU10,3,Carita Boulwén,SD,Hallands län,Ja,sakfrågan,huvud,2026-03-04 16:36:21,HD01AU10
2025/26,AU10,3,Björn Tidland,SD,Göteborgs kommun,Ja,sakfrågan,huvud,2026-03-04 16:36:21,HD01AU10
2025/26,AU10,3,Magnus Berntsson,KD,Göteborgs kommun,Ja,sakfrågan,huvud,2026-03-04 16:36:21,HD01AU10
2025/26,AU10,3,Patrik Jönsson,SD,Västra Götalands läns södra,Ja,sakfrågan,huvud,2026-03-04 16:36:21,HD01AU10
2025/26,AU10,3,Ingemar Kihlström,KD,Västra Götalands läns södra,Frånvarande,sakfrågan,huvud,2026-03-04 16:36:21,HD01AU10
2025/26,AU10,3,Runar Filper,SD,Värmlands län,Ja,sakfrågan,huvud,2026-03-04 16:36:21,HD01AU10
2025/26,AU10,3,Mikael Dahlqvist,S,Värmlands län,Ja,sakfrågan,huvud,2026-03-04 16:36:21,HD01AU10
2025/26,AU10,3,Elin Nilsson,L,Örebro län,Ja,sakfrågan,huvud,2026-03-04 16:36:21,HD01AU10
2025/26,AU10,3,Matilda Ernkrans,S,Örebro län,Ja,sakfrågan,huvud,2026-03-04 16:36:21,HD01AU10
2025/26,AU10,3,Olle Thorell,S,Västmanlands län,Ja,sakfrågan,huvud,2026-03-04 16:36:21,HD01AU10
2025/26,AU10,3,Oscar Sjöstedt,SD,Västmanlands län,Ja,sakfrågan,huvud,2026-03-04 16:36:21,HD01AU10
2025/26,AU10,3,Saila Quicklund,M,Jämtlands län,Ja,sakfrågan,huvud,2026-03-04 16:36:21,HD01AU10
2025/26,AU10,3,Josef Fransson,SD,Jämtlands län,Ja,sakfrågan,huvud,2026-03-04 16:36:21,HD01AU10
2025/26,AU10,3,Helén Pettersson,S,Västerbottens län,Ja,sakfrågan,huvud,2026-03-04 16:36:21,HD01AU10
2025/26,AU10,3,Isak From,S,Västerbottens län,Ja,sakfrågan,huvud,2026-03-04 16:36:21,HD01AU10
2025/26,AU10,3,Joar Forssell,L,Stockholms kommun,Ja,sakfrågan,huvud,2026-03-04 16:36:21,HD01AU10
2025/26,AU10,3,Malin Danielsson,L,Stockholms kommun,Ja,sakfrågan,huvud,2026-03-04 16:36:21,HD01AU10
2025/26,AU10,3,Kadir Kasirga,S,Stockholms kommun,Ja,sakfrågan,huvud,2026-03-04 16:36:21,HD01AU10
2025/26,AU10,3,Malin Björk,C,Stockholms kommun,Ja,sakfrågan,huvud,2026-03-04 16:36:21,HD01AU10
2025/26,AU10,3,Markus Selin,S,Stockholms län,Ja,sakfrågan,huvud,2026-03-04 16:36:21,HD01AU10
2025/26,AU10,3,Kjell Jansson,M,Stockholms län,Ja,sakfrågan,huvud,2026-03-04 16:36:21,HD01AU10
2025/26,AU10,3,Alireza Akhondi,C,Stockholms län,Ja,sakfrågan,huvud,2026-03-04 16:36:21,HD01AU10
2025/26,AU10,3,Ludvig Aspling,SD,Stockholms län,Ja,sakfrågan,huvud,2026-03-04 16:36:21,HD01AU10
2025/26,AU10,3,Ilona Szatmári Waldau,V,Uppsala län,Avstår,sakfrågan,huvud,2026-03-04 16:36:21,HD01AU10
2025/26,AU10,3,Lina Nordquist,L,Uppsala län,Frånvarande,sakfrågan,huvud,2026-03-04 16:36:21,HD01AU10
2025/26,AU10,3,Aron Emilsson,SD,Östergötlands län,Frånvarande,sakfrågan,huvud,2026-03-04 16:36:21,HD01AU10
2025/26,AU10,3,Eva Lindh,S,Östergötlands län,Ja,sakfrågan,huvud,2026-03-04 16:36:21,HD01AU10
2025/26,AU10,3,Robert Olesen,S,Kronobergs län,Frånvarande,sakfrågan,huvud,2026-03-04 16:36:21,HD01AU10
2025/26,AU10,3,Mattias Karlsson,SD,Kronobergs län,Ja,sakfrågan,huvud,2026-03-04 16:36:21,HD01AU10
2025/26,AU10,3,Lena Hallengren,S,Kalmar län,Frånvarande,sakfrågan,huvud,2026-03-04 16:36:21,HD01AU10
2025/26,AU10,3,Camilla Brunsberg,M,Blekinge län,Ja,sakfrågan,huvud,2026-03-04 16:36:21,HD01AU10
2025/26,AU10,3,Niklas Karlsson,S,Skåne läns västra,Ja,sakfrågan,huvud,2026-03-04 16:36:21,HD01AU10
2025/26,AU10,3,Agneta Nilsson,S,Skåne läns västra,Ja,sakfrågan,huvud,2026-03-04 16:36:21,HD01AU10
2025/26,AU10,3,Ulf Holm,MP,Skåne läns södra,Nej,sakfrågan,huvud,2026-03-04 16:36:21,HD01AU10
2025/26,AU10,3,Lars-Ingvar Ljungman,M,Skåne läns södra,Ja,sakfrågan,huvud,2026-03-04 16:36:21,HD01AU10
2025/26,AU10,3,Christofer Bergenblock,C,Hallands län,Ja,sakfrågan,huvud,2026-03-04 16:36:21,HD01AU10
2025/26,AU10,3,Cecilia Rönn,L,Hallands län,Ja,sakfrågan,huvud,2026-03-04 16:36:21,HD01AU10
2025/26,AU10,3,Dzenan Cisija,S,Göteborgs kommun,Frånvarande,sakfrågan,huvud,2026-03-04 16:36:21,HD01AU10
2025/26,AU10,3,Lena Malm,S,Göteborgs kommun,Ja,sakfrågan,huvud,2026-03-04 16:36:21,HD01AU10
2025/26,AU10,3,Mikael Larsson,C,Västra Götalands läns södra,Frånvarande,sakfrågan,huvud,2026-03-04 16:36:21,HD01AU10
2025/26,AU10,3,Ulrik Nilsson,M,Västra Götalands läns södra,Ja,sakfrågan,huvud,2026-03-04 16:36:21,HD01AU10
2025/26,AU10,3,Håkan Svenneling,V,Värmlands län,Avstår,sakfrågan,huvud,2026-03-04 16:36:21,HD01AU10
2025/26,AU10,3,Magnus Resare,M,Värmlands län,Ja,sakfrågan,huvud,2026-03-04 16:36:21,HD01AU10
2025/26,AU10,3,Katarina Tolgfors,M,Örebro län,Frånvarande,sakfrågan,huvud,2026-03-04 16:36:21,HD01AU10
2025/26,AU10,3,Helena Vilhelmsson,C,Örebro län,Ja,sakfrågan,huvud,2026-03-04 16:36:21,HD01AU10
2025/26,AU10,3,Åsa Eriksson,S,Västmanlands län,Ja,sakfrågan,huvud,2026-03-04 16:36:21,HD01AU10
2025/26,AU10,3,Vasiliki Tsouplaki,V,Västmanlands län,Avstår,sakfrågan,huvud,2026-03-04 16:36:21,HD01AU10
2025/26,AU10,3,Anna-Caren Sätherberg,S,Jämtlands län,Ja,sakfrågan,huvud,2026-03-04 16:36:21,HD01AU10
2025/26,AU10,3,Kalle Olsson,S,Jämtlands län,Ja,sakfrågan,huvud,2026-03-04 16:36:21,HD01AU10
2025/26,AU10,3,Helena Lindahl,C,Västerbottens län,Ja,sakfrågan,huvud,2026-03-04 16:36:21,HD01AU10
2025/26,AU10,3,Edward Riedl,M,Västerbottens län,Ja,sakfrågan,huvud,2026-03-04 16:36:21,HD01AU10
2025/26,AU10,3,Katarina Luhr,MP,Stockholms kommun,Nej,sakfrågan,huvud,2026-03-04 16:36:21,HD01AU10
2025/26,AU10,3,Mirja Räihä,S,Stockholms kommun,Ja,sakfrågan,huvud,2026-03-04 16:36:21,HD01AU10
2025/26,AU10,3,Daniel Helldén,MP,Stockholms kommun,Frånvarande,sakfrågan,huvud,2026-03-04 16:36:21,HD01AU10
2025/26,AU10,3,Elsa Widding,-,Stockholms kommun,Frånvarande,sakfrågan,huvud,2026-03-04 16:36:21,HD01AU10
2025/26,AU10,3,Josefin Malmqvist,M,Stockholms län,Ja,sakfrågan,huvud,2026-03-04 16:36:21,HD01AU10
2025/26,AU10,3,Fredrik Lindahl,SD,Stockholms län,Ja,sakfrågan,huvud,2026-03-04 16:36:21,HD01AU10
2025/26,AU10,3,Magdalena Thuresson,M,Stockholms län,Frånvarande,sakfrågan,huvud,2026-03-04 16:36:21,HD01AU10
2025/26,AU10,3,Christian Carlsson,KD,Stockholms län,Frånvarande,sakfrågan,huvud,2026-03-04 16:36:21,HD01AU10
2025/26,AU10,3,David Perez,SD,Uppsala län,Ja,sakfrågan,huvud,2026-03-04 16:36:21,HD01AU10
2025/26,AU10,3,Catarina Deremar,C,Uppsala län,Ja,sakfrågan,huvud,2026-03-04 16:36:21,HD01AU10
2025/26,AU10,3,John Widegren,M,Östergötlands län,Ja,sakfrågan,huvud,2026-03-04 16:36:21,HD01AU10
2025/26,AU10,3,Patrik Karlson,L,Östergötlands län,Ja,sakfrågan,huvud,2026-03-04 16:36:21,HD01AU10
2025/26,AU10,3,Monica Haider,S,Kronobergs län,Ja,sakfrågan,huvud,2026-03-04 16:36:21,HD01AU10
2025/26,AU10,3,Katja Nyberg,SD,Kronobergs län,Ja,sakfrågan,huvud,2026-03-04 16:36:21,HD01AU10
2025/26,AU10,3,Mattias Bäckström Johansson,SD,Kalmar län,Ja,sakfrågan,huvud,2026-03-04 16:36:21,HD01AU10
2025/26,AU10,3,Laila Naraghi,S,Kalmar län,Ja,sakfrågan,huvud,2026-03-04 16:36:21,HD01AU10
2025/26,AU10,3,Mauricio Rojas,L,Skåne läns västra,Ja,sakfrågan,huvud,2026-03-04 16:36:21,HD01AU10
2025/26,AU10,3,Ulrika Heindorff,M,Skåne läns västra,Ja,sakfrågan,huvud,2026-03-04 16:36:21,HD01AU10
2025/26,AU10,3,Stina Larsson,C,Skåne läns södra,Ja,sakfrågan,huvud,2026-03-04 16:36:21,HD01AU10
2025/26,AU10,3,Cecilia Engström,KD,Skåne läns södra,Ja,sakfrågan,huvud,2026-03-04 16:36:21,HD01AU10
2025/26,AU10,3,Erik Hellsborn,SD,Hallands län,Ja,sakfrågan,huvud,2026-03-04 16:36:21,HD01AU10
2025/26,AU10,3,Aida Birinxhiku,S,Hallands län,Ja,sakfrågan,huvud,2026-03-04 16:36:21,HD01AU10
2025/26,AU10,3,Roland Utbult,KD,Västra Götalands läns västra,Frånvarande,sakfrågan,huvud,2026-03-04 16:36:21,HD01AU10
2025/26,AU10,3,Gustaf Göthberg,M,Göteborgs kommun,Ja,sakfrågan,huvud,2026-03-04 16:36:21,HD01AU10
2025/26,AU10,3,Anders Alftberg,SD,Västra Götalands läns södra,Ja,sakfrågan,huvud,2026-03-04 16:36:21,HD01AU10
2025/26,AU10,3,Jessica Rodén,S,Västra Götalands läns södra,Ja,sakfrågan,huvud,2026-03-04 16:36:21,HD01AU10
2025/26,AU10,3,Charlotte Quensel,SD,Värmlands län,Ja,sakfrågan,huvud,2026-03-04 16:36:21,HD01AU10
2025/26,AU10,3,Marléne Lund Kopparklint,M,Värmlands län,Frånvarande,sakfrågan,huvud,2026-03-04 16:36:21,HD01AU10
2025/26,AU10,3,Hans Eklind,KD,Örebro län,Ja,sakfrågan,huvud,2026-03-04 16:36:21,HD01AU10
2025/26,AU10,3,Denis Begic,S,Örebro län,Ja,sakfrågan,huvud,2026-03-04 16:36:21,HD01AU10
2025/26,AU10,3,Angelica Lundberg,SD,Västmanlands län,Ja,sakfrågan,huvud,2026-03-04 16:36:21,HD01AU10
2025/26,AU10,3,Mikael Damsgaard,M,Västmanlands län,Ja,sakfrågan,huvud,2026-03-04 16:36:21,HD01AU10
2025/26,AU10,3,Mats Hellhoff,SD,Västernorrlands län,Ja,sakfrågan,huvud,2026-03-04 16:36:21,HD01AU10
2025/26,AU10,3,Jörgen Berglund,M,Västernorrlands län,Ja,sakfrågan,huvud,2026-03-04 16:36:21,HD01AU10
2025/26,AU10,3,Björn Wiechel,S,Västerbottens län,Frånvarande,sakfrågan,huvud,2026-03-04 16:36:21,HD01AU10
2025/26,AU10,3,Åsa Karlsson,S,Västerbottens län,Ja,sakfrågan,huvud,2026-03-04 16:36:21,HD01AU10
2025/26,AU10,3,Elisabeth Thand Ringqvist,C,Stockholms kommun,Frånvarande,sakfrågan,huvud,2026-03-04 16:36:21,HD01AU10
2025/26,AU10,3,Markus Kallifatides,S,Stockholms kommun,Ja,sakfrågan,huvud,2026-03-04 16:36:21,HD01AU10
2025/26,AU10,3,Ulrika Westerlund,MP,Stockholms kommun,Nej,sakfrågan,huvud,2026-03-04 16:36:21,HD01AU10
2025/26,AU10,3,Jytte Guteland,S,Stockholms kommun,Ja,sakfrågan,huvud,2026-03-04 16:36:21,HD01AU10
2025/26,AU10,3,Mats Arkhem,SD,Stockholms län,Ja,sakfrågan,huvud,2026-03-04 16:36:21,HD01AU10
2025/26,AU10,3,Martin Melin,L,Stockholms län,Ja,sakfrågan,huvud,2026-03-04 16:36:21,HD01AU10
2025/26,AU10,3,Amanda Palmstierna,MP,Stockholms län,Nej,sakfrågan,huvud,2026-03-04 16:36:21,HD01AU10
2025/26,AU10,3,Anna Lasses,C,Stockholms län,Ja,sakfrågan,huvud,2026-03-04 16:36:21,HD01AU10
2025/26,AU10,3,Inga-Lill Sjöblom,S,Uppsala län,Frånvarande,sakfrågan,huvud,2026-03-04 16:36:21,HD01AU10
2025/26,AU10,3,Kent Kumpula,SD,Uppsala län,Ja,sakfrågan,huvud,2026-03-04 16:36:21,HD01AU10
2025/26,AU10,3,Clara Aranda,SD,Östergötlands län,Ja,sakfrågan,huvud,2026-03-04 16:36:21,HD01AU10
2025/26,AU10,3,Jonas Andersson,SD,Östergötlands län,Ja,sakfrågan,huvud,2026-03-04 16:36:21,HD01AU10
2025/26,AU10,3,Thomas Ragnarsson,M,Kronobergs län,Ja,sakfrågan,huvud,2026-03-04 16:36:21,HD01AU10
2025/26,AU10,3,Oliver Rosengren,M,Kronobergs län,Ja,sakfrågan,huvud,2026-03-04 16:36:21,HD01AU10
2025/26,AU10,3,Tomas Kronståhl,S,Kalmar län,Ja,sakfrågan,huvud,2026-03-04 16:36:21,HD01AU10
2025/26,AU10,3,Gudrun Brunegård,KD,Kalmar län,Ja,sakfrågan,huvud,2026-03-04 16:36:21,HD01AU10
2025/26,AU10,3,Bo Broman,SD,Skåne läns västra,Ja,sakfrågan,huvud,2026-03-04 16:36:21,HD01AU10
2025/26,AU10,3,Linda Lindberg,SD,Skåne läns västra,Frånvarande,sakfrågan,huvud,2026-03-04 16:36:21,HD01AU10
2025/26,AU10,3,Victoria Tiblom,SD,Skåne läns södra,Ja,sakfrågan,huvud,2026-03-04 16:36:21,HD01AU10
2025/26,AU10,3,Jessica Stegrud,SD,Skåne läns södra,Ja,sakfrågan,huvud,2026-03-04 16:36:21,HD01AU10
2025/26,AU10,3,Ellen Juntti,M,Västra Götalands läns västra,Ja,sakfrågan,huvud,2026-03-04 16:36:21,HD01AU10
2025/26,AU10,3,Jennie Wernäng,M,Västra Götalands läns västra,Ja,sakfrågan,huvud,2026-03-04 16:36:21,HD01AU10
2025/26,AU10,3,Janine Alm Ericson,MP,Västra Götalands läns västra,Nej,sakfrågan,huvud,2026-03-04 16:36:21,HD01AU10
2025/26,AU10,3,Helena Gellerman,L,Västra Götalands läns västra,Ja,sakfrågan,huvud,2026-03-04 16:36:21,HD01AU10
2025/26,AU10,3,Joakim Järrebring,S,Västra Götalands läns västra,Ja,sakfrågan,huvud,2026-03-04 16:36:21,HD01AU10
2025/26,AU10,3,Alexander Christiansson,SD,Västra Götalands läns västra,Ja,sakfrågan,huvud,2026-03-04 16:36:21,HD01AU10
2025/26,AU10,3,Kjell-Arne Ottosson,KD,Värmlands län,Ja,sakfrågan,huvud,2026-03-04 16:36:21,HD01AU10
2025/26,AU10,3,Sofia Skönnbrink,S,Värmlands län,Ja,sakfrågan,huvud,2026-03-04 16:36:21,HD01AU10
2025/26,AU10,3,Michael Rubbestad,SD,Örebro län,Frånvarande,sakfrågan,huvud,2026-03-04 16:36:21,HD01AU10
2025/26,AU10,3,Per Söderlund,SD,Örebro län,Ja,sakfrågan,huvud,2026-03-04 16:36:21,HD01AU10
2025/26,AU10,3,Lena Johansson,S,Västmanlands län,Ja,sakfrågan,huvud,2026-03-04 16:36:21,HD01AU10
2025/26,AU10,3,Caroline Högström,M,Västmanlands län,Ja,sakfrågan,huvud,2026-03-04 16:36:21,HD01AU10
2025/26,AU10,3,Malin Larsson,S,Västernorrlands län,Ja,sakfrågan,huvud,2026-03-04 16:36:21,HD01AU10
2025/26,AU10,3,Anne-Li Sjölund,C,Västernorrlands län,Ja,sakfrågan,huvud,2026-03-04 16:36:21,HD01AU10
2025/26,AU10,3,Gudrun Nordborg,V,Västerbottens län,Avstår,sakfrågan,huvud,2026-03-04 16:36:21,HD01AU10
2025/26,AU10,3,Pontus Andersson Garpvall,SD,Västerbottens län,Ja,sakfrågan,huvud,2026-03-04 16:36:21,HD01AU10
2025/26,AU10,3,Lars Jilmstad,M,Stockholms kommun,Ja,sakfrågan,huvud,2026-03-04 16:36:21,HD01AU10
2025/26,AU10,3,Daniel Vencu Velasquez Castro,S,Stockholms kommun,Ja,sakfrågan,huvud,2026-03-04 16:36:21,HD01AU10
2025/26,AU10,3,Anders Ekegren,L,Stockholms kommun,Ja,sakfrågan,huvud,2026-03-04 16:36:21,HD01AU10
2025/26,AU10,3,Martin Westmont,SD,Stockholms kommun,Ja,sakfrågan,huvud,2026-03-04 16:36:21,HD01AU10
2025/26,AU10,3,Amanda Lind,MP,Stockholms län,Frånvarande,sakfrågan,huvud,2026-03-04 16:36:21,HD01AU10
2025/26,AU10,3,Andrea Andersson Tay,V,Stockholms län,Avstår,sakfrågan,huvud,2026-03-04 16:36:21,HD01AU10
2025/26,AU10,3,Christian Lindefjärd,SD,Stockholms län,Ja,sakfrågan,huvud,2026-03-04 16:36:21,HD01AU10
2025/26,AU10,3,Leonid Yurkovskiy,SD,Stockholms län,Ja,sakfrågan,huvud,2026-03-04 16:36:21,HD01AU10
2025/26,AU10,3,Stefan Olsson,M,Uppsala län,Ja,sakfrågan,huvud,2026-03-04 16:36:21,HD01AU10
2025/26,AU10,3,Jacob Risberg,MP,Uppsala län,Frånvarande,sakfrågan,huvud,2026-03-04 16:36:21,HD01AU10
2025/26,AU10,3,Rebecka Le Moine,MP,Östergötlands län,Nej,sakfrågan,huvud,2026-03-04 16:36:21,HD01AU10
2025/26,AU10,3,John E Weinerhall,M,Östergötlands län,Ja,sakfrågan,huvud,2026-03-04 16:36:21,HD01AU10
2025/26,AU10,3,Muharrem Demirok,C,Östergötlands län,Ja,sakfrågan,huvud,2026-03-04 16:36:21,HD01AU10
2025/26,AU10,3,Mona Olin,SD,Kalmar län,Ja,sakfrågan,huvud,2026-03-04 16:36:21,HD01AU10
2025/26,AU10,3,Lars Engsund,M,Kalmar län,Ja,sakfrågan,huvud,2026-03-04 16:36:21,HD01AU10
2025/26,AU10,3,Marie Nicholson,M,Kalmar län,Ja,sakfrågan,huvud,2026-03-04 16:36:21,HD01AU10
2025/26,AU10,3,Ola Möller,S,Skåne läns västra,Frånvarande,sakfrågan,huvud,2026-03-04 16:36:21,HD01AU10
2025/26,AU10,3,Madeleine Atlas,C,Skåne läns västra,Ja,sakfrågan,huvud,2026-03-04 16:36:21,HD01AU10
2025/26,AU10,3,Emma Ahlström Köster,M,Skåne läns södra,Ja,sakfrågan,huvud,2026-03-04 16:36:21,HD01AU10
2025/26,AU10,3,Adrian Magnusson,S,Skåne läns södra,Ja,sakfrågan,huvud,2026-03-04 16:36:21,HD01AU10
2025/26,AU10,3,Jessica Wetterling,V,Västra Götalands läns västra,Avstår,sakfrågan,huvud,2026-03-04 16:36:21,HD01AU10
2025/26,AU10,3,Yasmine Eriksson,SD,Västra Götalands läns västra,Ja,sakfrågan,huvud,2026-03-04 16:36:21,HD01AU10
2025/26,AU10,3,Aylin Nouri,S,Västra Götalands läns västra,Ja,sakfrågan,huvud,2026-03-04 16:36:21,HD01AU10
2025/26,AU10,3,Johanna Rantsi,M,Västra Götalands läns västra,Ja,sakfrågan,huvud,2026-03-04 16:36:21,HD01AU10
2025/26,AU10,3,Anders Ådahl,C,Västra Götalands läns västra,Ja,sakfrågan,huvud,2026-03-04 16:36:21,HD01AU10
2025/26,AU10,3,Rashid Farivar,SD,Västra Götalands läns västra,Ja,sakfrågan,huvud,2026-03-04 16:36:21,HD01AU10
2025/26,AU10,3,Camilla Hansén,MP,Örebro län,Nej,sakfrågan,huvud,2026-03-04 16:36:21,HD01AU10
2025/26,AU10,3,Karin Sundin,S,Örebro län,Frånvarande,sakfrågan,huvud,2026-03-04 16:36:21,HD01AU10
2025/26,AU10,3,Nadja Awad,V,Örebro län,Frånvarande,sakfrågan,huvud,2026-03-04 16:36:21,HD01AU10
2025/26,AU10,3,Oskar Svärd,M,Örebro län,Ja,sakfrågan,huvud,2026-03-04 16:36:21,HD01AU10
2025/26,AU10,3,Anna-Belle Strömberg,S,Västernorrlands län,Frånvarande,sakfrågan,huvud,2026-03-04 16:36:21,HD01AU10
2025/26,AU10,3,Ulf Lindholm,SD,Västernorrlands län,Ja,sakfrågan,huvud,2026-03-04 16:36:21,HD01AU10
2025/26,AU10,3,Peder Björk,S,Västernorrlands län,Ja,sakfrågan,huvud,2026-03-04 16:36:21,HD01AU10
2025/26,AU10,3,Isabell Mixter,V,Västernorrlands län,Avstår,sakfrågan,huvud,2026-03-04 16:36:21,HD01AU10
2025/26,AU10,3,Peter Hedberg,S,Västernorrlands län,Ja,sakfrågan,huvud,2026-03-04 16:36:21,HD01AU10
2025/26,AU10,3,Nils Seye Larsen,MP,Västerbottens län,Nej,sakfrågan,huvud,2026-03-04 16:36:21,HD01AU10
2025/26,AU10,9,Kenneth G Forslund,S,Västra Götalands läns västra,Nej,sakfrågan,huvud,2026-03-04 16:36:21,HD01AU10
2025/26,AU10,9,Julia Kronlid,SD,Stockholms län,Ja,sakfrågan,huvud,2026-03-04 16:36:21,HD01AU10
2025/26,AU10,9,Kerstin Lundgren,C,Stockholms län,Frånvarande,sakfrågan,huvud,2026-03-04 16:36:21,HD01AU10
2025/26,AU10,9,Anders Ygeman,S,Stockholms kommun,Nej,sakfrågan,huvud,2026-03-04 16:36:21,HD01AU10
2025/26,AU10,9,Margareta Cederfelt,M,Stockholms kommun,Ja,sakfrågan,huvud,2026-03-04 16:36:21,HD01AU10
2025/26,AU10,9,Karin Enström,M,Stockholms län,Ja,sakfrågan,huvud,2026-03-04 16:36:21,HD01AU10
2025/26,AU10,9,Mikael Damberg,S,Stockholms län,Nej,sakfrågan,huvud,2026-03-04 16:36:21,HD01AU10
2025/26,AU10,9,Adam Reuterskiöld,M,Stockholms län,Ja,sakfrågan,huvud,2026-03-04 16:36:21,HD01AU10
2025/26,AU10,9,Fredrik Olovsson,S,Södermanlands län,Nej,sakfrågan,huvud,2026-03-04 16:36:21,HD01AU10
2025/26,AU10,9,Helena Bouveng,M,Jönköpings län,Ja,sakfrågan,huvud,2026-03-04 16:36:21,HD01AU10
2025/26,AU10,9,Hanna Westerén,S,Gotlands län,Nej,sakfrågan,huvud,2026-03-04 16:36:21,HD01AU10
2025/26,AU10,9,Jesper Skalberg Karlsson,M,Gotlands län,Frånvarande,sakfrågan,huvud,2026-03-04 16:36:21,HD01AU10
2025/26,AU10,9,Patrick Reslow,SD,Malmö kommun,Ja,sakfrågan,huvud,2026-03-04 16:36:21,HD01AU10
2025/26,AU10,9,Malte Tängmark Roos,MP,Malmö kommun,Ja,sakfrågan,huvud,2026-03-04 16:36:21,HD01AU10
2025/26,AU10,9,Lars Johnsson,M,Skåne läns norra och östra,Ja,sakfrågan,huvud,2026-03-04 16:36:21,HD01AU10
2025/26,AU10,9,Björn Söder,SD,Skåne läns norra och östra,Ja,sakfrågan,huvud,2026-03-04 16:36:21,HD01AU10
2025/26,AU10,9,Gunilla Carlsson,S,Göteborgs kommun,Nej,sakfrågan,huvud,2026-03-04 16:36:21,HD01AU10
2025/26,AU10,9,Mattias Jonsson,S,Göteborgs kommun,Nej,sakfrågan,huvud,2026-03-04 16:36:21,HD01AU10
2025/26,AU10,9,Cecilia Gustafsson,M,Västra Götalands läns norra,Frånvarande,sakfrågan,huvud,2026-03-04 16:36:21,HD01AU10
2025/26,AU10,9,Ida Ekeroth Clausson,S,Västra Götalands läns östra,Nej,sakfrågan,huvud,2026-03-04 16:36:21,HD01AU10
2025/26,AU10,9,Patrik Björck,S,Västra Götalands läns östra,Nej,sakfrågan,huvud,2026-03-04 16:36:21,HD01AU10
2025/26,AU10,9,Peter Hultqvist,S,Dalarnas län,Nej,sakfrågan,huvud,2026-03-04 16:36:21,HD01AU10
2025/26,AU10,9,Anders W Jonsson,C,Gävleborgs län,Avstår,sakfrågan,huvud,2026-03-04 16:36:21,HD01AU10
2025/26,AU10,9,Mats Berglund,MP,Stockholms kommun,Ja,sakfrågan,huvud,2026-03-04 16:36:21,HD01AU10
2025/26,AU10,9,Carl Nordblom,M,Stockholms kommun,Ja,sakfrågan,huvud,2026-03-04 16:36:21,HD01AU10
2025/26,AU10,9,Merit Frost Lindberg,M,Stockholms kommun,Ja,sakfrågan,huvud,2026-03-04 16:36:21,HD01AU10
2025/26,AU10,9,Fredrik Malm,L,Stockholms län,Ja,sakfrågan,huvud,2026-03-04 16:36:21,HD01AU10
2025/26,AU10,9,Ingela Nylund Watz,S,Stockholms län,Frånvarande,sakfrågan,huvud,2026-03-04 16:36:21,HD01AU10
2025/26,AU10,9,Yusuf Aydin,KD,Stockholms län,Ja,sakfrågan,huvud,2026-03-04 16:36:21,HD01AU10
2025/26,AU10,9,Anna Sillén,M,Södermanlands län,Ja,sakfrågan,huvud,2026-03-04 16:36:21,HD01AU10
2025/26,AU10,9,Caroline Helmersson Olsson,S,Södermanlands län,Frånvarande,sakfrågan,huvud,2026-03-04 16:36:21,HD01AU10
2025/26,AU10,9,Hans Ekström,S,Södermanlands län,Nej,sakfrågan,huvud,2026-03-04 16:36:21,HD01AU10
2025/26,AU10,9,Anders Karlsson,C,Jönköpings län,Avstår,sakfrågan,huvud,2026-03-04 16:36:21,HD01AU10
2025/26,AU10,9,Jimmie Åkesson,SD,Jönköpings län,Frånvarande,sakfrågan,huvud,2026-03-04 16:36:21,HD01AU10
2025/26,AU10,9,Jamal El-Haj,-,Malmö kommun,Nej,sakfrågan,huvud,2026-03-04 16:36:21,HD01AU10
2025/26,AU10,9,Malcolm Momodou Jallow,V,Malmö kommun,Frånvarande,sakfrågan,huvud,2026-03-04 16:36:21,HD01AU10
2025/26,AU10,9,Joakim Sandell,S,Malmö kommun,Nej,sakfrågan,huvud,2026-03-04 16:36:21,HD01AU10
2025/26,AU10,9,Per-Arne Håkansson,S,Skåne läns norra och östra,Nej,sakfrågan,huvud,2026-03-04 16:36:21,HD01AU10
2025/26,AU10,9,Magnus Persson,SD,Skåne läns norra och östra,Ja,sakfrågan,huvud,2026-03-04 16:36:21,HD01AU10
2025/26,AU10,9,Rickard Nordin,C,Göteborgs kommun,Avstår,sakfrågan,huvud,2026-03-04 16:36:21,HD01AU10
2025/26,AU10,9,Jimmy Ståhl,SD,Göteborgs kommun,Frånvarande,sakfrågan,huvud,2026-03-04 16:36:21,HD01AU10
2025/26,AU10,9,Maj Karlsson,V,Göteborgs kommun,Avstår,sakfrågan,huvud,2026-03-04 16:36:21,HD01AU10
2025/26,AU10,9,Markus Wiechel,SD,Västra Götalands läns norra,Ja,sakfrågan,huvud,2026-03-04 16:36:21,HD01AU10
2025/26,AU10,9,Ulrika Heie,C,Västra Götalands läns östra,Avstår,sakfrågan,huvud,2026-03-04 16:36:21,HD01AU10
2025/26,AU10,9,Sten Bergheden,M,Västra Götalands läns östra,Ja,sakfrågan,huvud,2026-03-04 16:36:21,HD01AU10
2025/26,AU10,9,Crister Carlsson,M,Dalarnas län,Ja,sakfrågan,huvud,2026-03-04 16:36:21,HD01AU10
2025/26,AU10,9,Rasmus Giertz,SD,Dalarnas län,Frånvarande,sakfrågan,huvud,2026-03-04 16:36:21,HD01AU10
2025/26,AU10,9,Lars Beckman,M,Gävleborgs län,Ja,sakfrågan,huvud,2026-03-04 16:36:21,HD01AU10
2025/26,AU10,9,Roger Hedlund,SD,Gävleborgs län,Ja,sakfrågan,huvud,2026-03-04 16:36:21,HD01AU10
2025/26,AU10,9,Andreas Lennkvist Manriquez,V,Stockholms kommun,Avstår,sakfrågan,huvud,2026-03-04 16:36:21,HD01AU10
2025/26,AU10,9,Karin Rågsjö,V,Stockholms kommun,Avstår,sakfrågan,huvud,2026-03-04 16:36:21,HD01AU10
2025/26,AU10,9,Maria Stockhaus,M,Stockholms län,Ja,sakfrågan,huvud,2026-03-04 16:36:21,HD01AU10
2025/26,AU10,9,Magdalena Andersson,S,Stockholms län,Nej,sakfrågan,huvud,2026-03-04 16:36:21,HD01AU10
2025/26,AU10,9,Leif Nysmed,S,Stockholms län,Nej,sakfrågan,huvud,2026-03-04 16:36:21,HD01AU10
2025/26,AU10,9,Åsa Westlund,S,Stockholms län,Nej,sakfrågan,huvud,2026-03-04 16:36:21,HD01AU10
2025/26,AU10,9,Adam Marttinen,SD,Södermanlands län,Ja,sakfrågan,huvud,2026-03-04 16:36:21,HD01AU10
2025/26,AU10,9,Lotta Johnsson Fornarve,V,Södermanlands län,Avstår,sakfrågan,huvud,2026-03-04 16:36:21,HD01AU10
2025/26,AU10,9,Martina Johansson,C,Södermanlands län,Avstår,sakfrågan,huvud,2026-03-04 16:36:21,HD01AU10
2025/26,AU10,9,Ann-Sofie Lifvenhage,M,Södermanlands län,Ja,sakfrågan,huvud,2026-03-04 16:36:21,HD01AU10
2025/26,AU10,9,Mats Green,M,Jönköpings län,Ja,sakfrågan,huvud,2026-03-04 16:36:21,HD01AU10
2025/26,AU10,9,Johanna Haraldsson,S,Jönköpings län,Nej,sakfrågan,huvud,2026-03-04 16:36:21,HD01AU10
2025/26,AU10,9,Niels Paarup-Petersen,C,Malmö kommun,Avstår,sakfrågan,huvud,2026-03-04 16:36:21,HD01AU10
2025/26,AU10,9,Noria Manouchi,M,Malmö kommun,Frånvarande,sakfrågan,huvud,2026-03-04 16:36:21,HD01AU10
2025/26,AU10,9,Mikael Eskilandersson,SD,Skåne läns norra och östra,Ja,sakfrågan,huvud,2026-03-04 16:36:21,HD01AU10
2025/26,AU10,9,Ludvig Ceimertz,M,Skåne läns norra och östra,Ja,sakfrågan,huvud,2026-03-04 16:36:21,HD01AU10
2025/26,AU10,9,Anna Wallentheim,S,Skåne läns norra och östra,Nej,sakfrågan,huvud,2026-03-04 16:36:21,HD01AU10
2025/26,AU10,9,Thomas Morell,SD,Skåne läns norra och östra,Frånvarande,sakfrågan,huvud,2026-03-04 16:36:21,HD01AU10
2025/26,AU10,9,Johan Büser,S,Göteborgs kommun,Nej,sakfrågan,huvud,2026-03-04 16:36:21,HD01AU10
2025/26,AU10,9,Helene Odenjung,L,Göteborgs kommun,Ja,sakfrågan,huvud,2026-03-04 16:36:21,HD01AU10
2025/26,AU10,9,Jonathan Svensson,S,Västra Götalands läns norra,Nej,sakfrågan,huvud,2026-03-04 16:36:21,HD01AU10
2025/26,AU10,9,Magnus Jacobsson,KD,Västra Götalands läns norra,Ja,sakfrågan,huvud,2026-03-04 16:36:21,HD01AU10
2025/26,AU10,9,Erik Ezelius,S,Västra Götalands läns östra,Nej,sakfrågan,huvud,2026-03-04 16:36:21,HD01AU10
2025/26,AU10,9,Jörgen Grubb,SD,Västra Götalands läns östra,Ja,sakfrågan,huvud,2026-03-04 16:36:21,HD01AU10
2025/26,AU10,9,Sara Gille,SD,Dalarnas län,Ja,sakfrågan,huvud,2026-03-04 16:36:21,HD01AU10
2025/26,AU10,9,Marie Olsson,S,Dalarnas län,Nej,sakfrågan,huvud,2026-03-04 16:36:21,HD01AU10
2025/26,AU10,9,Patrik Lundqvist,S,Gävleborgs län,Nej,sakfrågan,huvud,2026-03-04 16:36:21,HD01AU10
2025/26,AU10,9,Viktor Wärnick,M,Gävleborgs län,Ja,sakfrågan,huvud,2026-03-04 16:36:21,HD01AU10
2025/26,AU10,9,Fredrik Lundh Sammeli,S,Norrbottens län,Nej,sakfrågan,huvud,2026-03-04 16:36:21,HD01AU10
2025/26,AU10,9,Birger Lahti,V,Norrbottens län,Avstår,sakfrågan,huvud,2026-03-04 16:36:21,HD01AU10
2025/26,AU10,9,Angelika Bengtsson,SD,Stockholms kommun,Frånvarande,sakfrågan,huvud,2026-03-04 16:36:21,HD01AU10
2025/26,AU10,9,Lawen Redar,S,Stockholms kommun,Nej,sakfrågan,huvud,2026-03-04 16:36:21,HD01AU10
2025/26,AU10,9,Joanna Lewerentz,M,Stockholms län,Ja,sakfrågan,huvud,2026-03-04 16:36:21,HD01AU10
2025/26,AU10,9,Martin Kinnunen,SD,Stockholms län,Ja,sakfrågan,huvud,2026-03-04 16:36:21,HD01AU10
2025/26,AU10,9,Nooshi Dadgostar,V,Stockholms län,Avstår,sakfrågan,huvud,2026-03-04 16:36:21,HD01AU10
2025/26,AU10,9,Alexandra Völker,S,Stockholms län,Nej,sakfrågan,huvud,2026-03-04 16:36:21,HD01AU10
2025/26,AU10,9,Sofia Amloh,S,Södermanlands län,Nej,sakfrågan,huvud,2026-03-04 16:36:21,HD01AU10
2025/26,AU10,9,Linus Lakso,MP,Södermanlands län,Ja,sakfrågan,huvud,2026-03-04 16:36:21,HD01AU10
2025/26,AU10,9,Johan Löfstrand,S,Östergötlands län,Frånvarande,sakfrågan,huvud,2026-03-04 16:36:21,HD01AU10
2025/26,AU10,9,Susanne Nordström,M,Östergötlands län,Ja,sakfrågan,huvud,2026-03-04 16:36:21,HD01AU10
2025/26,AU10,9,Carina Ödebrink,S,Jönköpings län,Nej,sakfrågan,huvud,2026-03-04 16:36:21,HD01AU10
2025/26,AU10,9,Camilla Rinaldo Miller,KD,Jönköpings län,Ja,sakfrågan,huvud,2026-03-04 16:36:21,HD01AU10
2025/26,AU10,9,Rose-Marie Carlsson,S,Malmö kommun,Nej,sakfrågan,huvud,2026-03-04 16:36:21,HD01AU10
2025/26,AU10,9,Peter Ollén,M,Malmö kommun,Ja,sakfrågan,huvud,2026-03-04 16:36:21,HD01AU10
2025/26,AU10,9,Ewa Pihl Krabbe,S,Skåne läns norra och östra,Nej,sakfrågan,huvud,2026-03-04 16:36:21,HD01AU10
2025/26,AU10,9,Torsten Elofsson,KD,Skåne läns norra och östra,Ja,sakfrågan,huvud,2026-03-04 16:36:21,HD01AU10
2025/26,AU10,9,Jennie Nilsson,S,Hallands län,Nej,sakfrågan,huvud,2026-03-04 16:36:21,HD01AU10
2025/26,AU10,9,Arber Gashi,S,Hallands län,Nej,sakfrågan,huvud,2026-03-04 16:36:21,HD01AU10
2025/26,AU10,9,Dennis Dioukarev,SD,Göteborgs kommun,Ja,sakfrågan,huvud,2026-03-04 16:36:21,HD01AU10
2025/26,AU10,9,Marie-Louise Hänel Sandström,M,Göteborgs kommun,Ja,sakfrågan,huvud,2026-03-04 16:36:21,HD01AU10
2025/26,AU10,9,Mats Wiking,S,Västra Götalands läns norra,Nej,sakfrågan,huvud,2026-03-04 16:36:21,HD01AU10
2025/26,AU10,9,Ann-Sofie Alm,M,Västra Götalands läns norra,Ja,sakfrågan,huvud,2026-03-04 16:36:21,HD01AU10
2025/26,AU10,9,Dan Hovskär,KD,Västra Götalands läns östra,Ja,sakfrågan,huvud,2026-03-04 16:36:21,HD01AU10
2025/26,AU10,9,Tobias Andersson,SD,Västra Götalands läns östra,Ja,sakfrågan,huvud,2026-03-04 16:36:21,HD01AU10
2025/26,AU10,9,Malin Höglund,M,Dalarnas län,Ja,sakfrågan,huvud,2026-03-04 16:36:21,HD01AU10
2025/26,AU10,9,Kajsa Fredholm,V,Dalarnas län,Avstår,sakfrågan,huvud,2026-03-04 16:36:21,HD01AU10
2025/26,AU10,9,Kristoffer Lindberg,S,Gävleborgs län,Nej,sakfrågan,huvud,2026-03-04 16:36:21,HD01AU10
2025/26,AU10,9,Lili André,KD,Gävleborgs län,Ja,sakfrågan,huvud,2026-03-04 16:36:21,HD01AU10
2025/26,AU10,9,Ida Karkiainen,S,Norrbottens län,Nej,sakfrågan,huvud,2026-03-04 16:36:21,HD01AU10
2025/26,AU10,9,Linus Sköld,S,Norrbottens län,Nej,sakfrågan,huvud,2026-03-04 16:36:21,HD01AU10
2025/26,AU10,9,Mattias Vepsä,S,Stockholms kommun,Nej,sakfrågan,huvud,2026-03-04 16:36:21,HD01AU10
2025/26,AU10,9,Kristina Axén Olin,M,Stockholms kommun,Ja,sakfrågan,huvud,2026-03-04 16:36:21,HD01AU10
2025/26,AU10,9,Ida Drougge,M,Stockholms län,Ja,sakfrågan,huvud,2026-03-04 16:36:21,HD01AU10
2025/26,AU10,9,Daniel Riazat,-,Stockholms län,Avstår,sakfrågan,huvud,2026-03-04 16:36:21,HD01AU10
2025/26,AU10,9,Robert Stenkvist,SD,Stockholms län,Frånvarande,sakfrågan,huvud,2026-03-04 16:36:21,HD01AU10
2025/26,AU10,9,Azadeh Rojhan,S,Stockholms län,Nej,sakfrågan,huvud,2026-03-04 16:36:21,HD01AU10
2025/26,AU10,9,Mikael Oscarsson,KD,Uppsala län,Ja,sakfrågan,huvud,2026-03-04 16:36:21,HD01AU10
2025/26,AU10,9,Mattias Eriksson Falk,SD,Södermanlands län,Ja,sakfrågan,huvud,2026-03-04 16:36:21,HD01AU10
2025/26,AU10,9,Johan Andersson,S,Östergötlands län,Nej,sakfrågan,huvud,2026-03-04 16:36:21,HD01AU10
2025/26,AU10,9,Chris Dahlqvist,SD,Östergötlands län,Ja,sakfrågan,huvud,2026-03-04 16:36:21,HD01AU10
2025/26,AU10,9,Staffan Eklöf,SD,Jönköpings län,Ja,sakfrågan,huvud,2026-03-04 16:36:21,HD01AU10
2025/26,AU10,9,Eric Westroth,SD,Jönköpings län,Ja,sakfrågan,huvud,2026-03-04 16:36:21,HD01AU10
2025/26,AU10,9,Louise Eklund,L,Malmö kommun,Frånvarande,sakfrågan,huvud,2026-03-04 16:36:21,HD01AU10
2025/26,AU10,9,Nima Gholam Ali Pour,SD,Malmö kommun,Ja,sakfrågan,huvud,2026-03-04 16:36:21,HD01AU10
2025/26,AU10,9,Morgan Johansson,S,Skåne läns södra,Nej,sakfrågan,huvud,2026-03-04 16:36:21,HD01AU10
2025/26,AU10,9,Boriana Åberg,M,Skåne läns södra,Ja,sakfrågan,huvud,2026-03-04 16:36:21,HD01AU10
2025/26,AU10,9,Larry Söder,KD,Hallands län,Ja,sakfrågan,huvud,2026-03-04 16:36:21,HD01AU10
2025/26,AU10,9,Lars Püss,M,Hallands län,Frånvarande,sakfrågan,huvud,2026-03-04 16:36:21,HD01AU10
2025/26,AU10,9,David Josefsson,M,Göteborgs kommun,Ja,sakfrågan,huvud,2026-03-04 16:36:21,HD01AU10
2025/26,AU10,9,Leila Ali Elmi,MP,Göteborgs kommun,Ja,sakfrågan,huvud,2026-03-04 16:36:21,HD01AU10
2025/26,AU10,9,Matheus Enholm,SD,Västra Götalands läns norra,Frånvarande,sakfrågan,huvud,2026-03-04 16:36:21,HD01AU10
2025/26,AU10,9,Louise Thunström,S,Västra Götalands läns norra,Frånvarande,sakfrågan,huvud,2026-03-04 16:36:21,HD01AU10
2025/26,AU10,9,Charlotte Nordström,M,Västra Götalands läns östra,Ja,sakfrågan,huvud,2026-03-04 16:36:21,HD01AU10
2025/26,AU10,9,Lars Mejern Larsson,S,Värmlands län,Nej,sakfrågan,huvud,2026-03-04 16:36:21,HD01AU10
2025/26,AU10,9,Ulrika Liljeberg,C,Dalarnas län,Avstår,sakfrågan,huvud,2026-03-04 16:36:21,HD01AU10
2025/26,AU10,9,Lars Isacsson,S,Dalarnas län,Nej,sakfrågan,huvud,2026-03-04 16:36:21,HD01AU10
2025/26,AU10,9,Daniel Persson,SD,Gävleborgs län,Ja,sakfrågan,huvud,2026-03-04 16:36:21,HD01AU10
2025/26,AU10,9,Samuel Gonzalez Westling,V,Gävleborgs län,Avstår,sakfrågan,huvud,2026-03-04 16:36:21,HD01AU10
2025/26,AU10,9,Eric Palmqvist,SD,Norrbottens län,Ja,sakfrågan,huvud,2026-03-04 16:36:21,HD01AU10
2025/26,AU10,9,Mattias Karlsson,M,Norrbottens län,Ja,sakfrågan,huvud,2026-03-04 16:36:21,HD01AU10
2025/26,AU10,9,Martin Ådahl,C,Stockholms kommun,Avstår,sakfrågan,huvud,2026-03-04 16:36:21,HD01AU10
2025/26,AU10,9,Lorena Delgado Varas,-,Stockholms kommun,Avstår,sakfrågan,huvud,2026-03-04 16:36:21,HD01AU10
2025/26,AU10,9,Annika Strandhäll,S,Stockholms kommun,Nej,sakfrågan,huvud,2026-03-04 16:36:21,HD01AU10
2025/26,AU10,9,Serkan Köse,S,Stockholms län,Nej,sakfrågan,huvud,2026-03-04 16:36:21,HD01AU10
2025/26,AU10,9,Mathias Tegnér,S,Stockholms län,Nej,sakfrågan,huvud,2026-03-04 16:36:21,HD01AU10
2025/26,AU10,9,Annika Hirvonen,MP,Stockholms län,Ja,sakfrågan,huvud,2026-03-04 16:36:21,HD01AU10
2025/26,AU10,9,Fredrik Ahlstedt,M,Uppsala län,Frånvarande,sakfrågan,huvud,2026-03-04 16:36:21,HD01AU10
2025/26,AU10,9,Ardalan Shekarabi,S,Uppsala län,Nej,sakfrågan,huvud,2026-03-04 16:36:21,HD01AU10
2025/26,AU10,9,Magnus Oscarsson,KD,Östergötlands län,Ja,sakfrågan,huvud,2026-03-04 16:36:21,HD01AU10
2025/26,AU10,9,Mattias Ottosson,S,Östergötlands län,Nej,sakfrågan,huvud,2026-03-04 16:36:21,HD01AU10
2025/26,AU10,9,Ciczie Weidby,V,Jönköpings län,Avstår,sakfrågan,huvud,2026-03-04 16:36:21,HD01AU10
2025/26,AU10,9,Jakob Olofsgård,L,Jönköpings län,Ja,sakfrågan,huvud,2026-03-04 16:36:21,HD01AU10
